[ 77%] Built target stoneforge_core
[100%] Built target stoneforge_sim
[ 53%] Built target stoneforge_core
[100%] Built target stoneforge_client
[Build] Baue stoneforge_sim und stoneforge_client neu...
[Build] Build erfolgreich.
Starte Training mit RPPO für 1,000,000 Steps...
Monster: AUS (--monsters zum Aktivieren)
RND: AUS (--rnd zum Aktivieren)
Curriculum Learning: leistungsbasiert (4 Stufen)
Using cpu device
Logging to ./tensorboard_logs/rppo_run_8
-----------------------------
| time/              |      |
|    fps             | 3164 |
|    iterations      | 1    |
|    time_elapsed    | 2    |
|    total_timesteps | 8192 |
-----------------------------
-----------------------------------------
| rollout/                |             |
|    ep_len_mean          | 3.39e+03    |
|    ep_rew_mean          | 732         |
| time/                   |             |
|    fps                  | 686         |
|    iterations           | 2           |
|    time_elapsed         | 23          |
|    total_timesteps      | 16384       |
| train/                  |             |
|    approx_kl            | 0.008343854 |
|    clip_fraction        | 0.0714      |
|    clip_range           | 0.2         |
|    entropy_loss         | -1.38       |
|    explained_variance   | -0.0181     |
|    learning_rate        | 0.0003      |
|    loss                 | 1.13        |
|    n_updates            | 4           |
|    policy_gradient_loss | -0.00734    |
|    value_loss           | 2.38        |
-----------------------------------------
Eval num_timesteps=20000, episode_reward=788.79 +/- 307.01
Episode length: 4000.00 +/- 0.00
-----------------------------------------
| eval/                   |             |
|    mean_ep_length       | 4e+03       |
|    mean_reward          | 789         |
| time/                   |             |
|    total_timesteps      | 20000       |
| train/                  |             |
|    approx_kl            | 0.010377501 |
|    clip_fraction        | 0.158       |
|    clip_range           | 0.2         |
|    entropy_loss         | -1.37       |
|    explained_variance   | -0.00257    |
|    learning_rate        | 0.0003      |
|    loss                 | 1.02        |
|    n_updates            | 8           |
|    policy_gradient_loss | -0.0104     |
|    value_loss           | 25          |
-----------------------------------------
New best mean reward!
---------------------------------
| rollout/           |          |
|    ep_len_mean     | 3.39e+03 |
|    ep_rew_mean     | 732      |
| time/              |          |
|    fps             | 382      |
|    iterations      | 3        |
|    time_elapsed    | 64       |
|    total_timesteps | 24576    |
---------------------------------
-----------------------------------------
| rollout/                |             |
|    ep_len_mean          | 3.61e+03    |
|    ep_rew_mean          | 796         |
| time/                   |             |
|    fps                  | 404         |
|    iterations           | 4           |
|    time_elapsed         | 80          |
|    total_timesteps      | 32768       |
| train/                  |             |
|    approx_kl            | 0.018399054 |
|    clip_fraction        | 0.327       |
|    clip_range           | 0.2         |
|    entropy_loss         | -1.36       |
|    explained_variance   | 0.0437      |
|    learning_rate        | 0.0003      |
|    loss                 | 0.689       |
|    n_updates            | 12          |
|    policy_gradient_loss | -0.0199     |
|    value_loss           | 3.62        |
-----------------------------------------
Eval num_timesteps=40000, episode_reward=910.00 +/- 0.40
Episode length: 4000.00 +/- 0.00
-----------------------------------------
| eval/                   |             |
|    mean_ep_length       | 4e+03       |
|    mean_reward          | 910         |
| time/                   |             |
|    total_timesteps      | 40000       |
| train/                  |             |
|    approx_kl            | 0.015965555 |
|    clip_fraction        | 0.218       |
|    clip_range           | 0.2         |
|    entropy_loss         | -1.37       |
|    explained_variance   | -0.00154    |
|    learning_rate        | 0.0003      |
|    loss                 | 0.424       |
|    n_updates            | 16          |
|    policy_gradient_loss | -0.0104     |
|    value_loss           | 12.8        |
-----------------------------------------
New best mean reward!
---------------------------------
| rollout/           |          |
|    ep_len_mean     | 3.31e+03 |
|    ep_rew_mean     | 751      |
| time/              |          |
|    fps             | 336      |
|    iterations      | 5        |
|    time_elapsed    | 121      |
|    total_timesteps | 40960    |
---------------------------------
-----------------------------------------
| rollout/                |             |
|    ep_len_mean          | 3.23e+03    |
|    ep_rew_mean          | 714         |
| time/                   |             |
|    fps                  | 353         |
|    iterations           | 6           |
|    time_elapsed         | 138         |
|    total_timesteps      | 49152       |
| train/                  |             |
|    approx_kl            | 0.018997487 |
|    clip_fraction        | 0.338       |
|    clip_range           | 0.2         |
|    entropy_loss         | -1.36       |
|    explained_variance   | 0.000462    |
|    learning_rate        | 0.0003      |
|    loss                 | 0.134       |
|    n_updates            | 20          |
|    policy_gradient_loss | -0.0178     |
|    value_loss           | 10.9        |
-----------------------------------------
-----------------------------------------
| rollout/                |             |
|    ep_len_mean          | 3.29e+03    |
|    ep_rew_mean          | 728         |
| time/                   |             |
|    fps                  | 362         |
|    iterations           | 7           |
|    time_elapsed         | 158         |
|    total_timesteps      | 57344       |
| train/                  |             |
|    approx_kl            | 0.009774964 |
|    clip_fraction        | 0.112       |
|    clip_range           | 0.2         |
|    entropy_loss         | -1.36       |
|    explained_variance   | -0.00105    |
|    learning_rate        | 0.0003      |
|    loss                 | 0.14        |
|    n_updates            | 24          |
|    policy_gradient_loss | -0.00341    |
|    value_loss           | 13.7        |
-----------------------------------------
Eval num_timesteps=60000, episode_reward=876.85 +/- 145.18
Episode length: 4000.00 +/- 0.00
------------------------------------------
| eval/                   |              |
|    mean_ep_length       | 4e+03        |
|    mean_reward          | 877          |
| time/                   |              |
|    total_timesteps      | 60000        |
| train/                  |              |
|    approx_kl            | 0.0140076075 |
|    clip_fraction        | 0.167        |
|    clip_range           | 0.2          |
|    entropy_loss         | -1.36        |
|    explained_variance   | 0.000778     |
|    learning_rate        | 0.0003       |
|    loss                 | 0.58         |
|    n_updates            | 28           |
|    policy_gradient_loss | -0.0122      |
|    value_loss           | 3.72         |
------------------------------------------
---------------------------------
| rollout/           |          |
|    ep_len_mean     | 3.41e+03 |
|    ep_rew_mean     | 756      |
| time/              |          |
|    fps             | 332      |
|    iterations      | 8        |
|    time_elapsed    | 197      |
|    total_timesteps | 65536    |
---------------------------------
-----------------------------------------
| rollout/                |             |
|    ep_len_mean          | 3.48e+03    |
|    ep_rew_mean          | 798         |
| time/                   |             |
|    fps                  | 342         |
|    iterations           | 9           |
|    time_elapsed         | 215         |
|    total_timesteps      | 73728       |
| train/                  |             |
|    approx_kl            | 0.010760555 |
|    clip_fraction        | 0.135       |
|    clip_range           | 0.2         |
|    entropy_loss         | -1.35       |
|    explained_variance   | -0.00205    |
|    learning_rate        | 0.0003      |
|    loss                 | 0.176       |
|    n_updates            | 32          |
|    policy_gradient_loss | -0.0116     |
|    value_loss           | 6.84        |
-----------------------------------------
Eval num_timesteps=80000, episode_reward=859.90 +/- 217.92
Episode length: 4000.00 +/- 0.00
-----------------------------------------
| eval/                   |             |
|    mean_ep_length       | 4e+03       |
|    mean_reward          | 860         |
| time/                   |             |
|    total_timesteps      | 80000       |
| train/                  |             |
|    approx_kl            | 0.016738895 |
|    clip_fraction        | 0.227       |
|    clip_range           | 0.2         |
|    entropy_loss         | -1.34       |
|    explained_variance   | -0.00039    |
|    learning_rate        | 0.0003      |
|    loss                 | 1.25        |
|    n_updates            | 36          |
|    policy_gradient_loss | -0.0107     |
|    value_loss           | 5.42        |
-----------------------------------------
---------------------------------
| rollout/           |          |
|    ep_len_mean     | 3.31e+03 |
|    ep_rew_mean     | 766      |
| time/              |          |
|    fps             | 320      |
|    iterations      | 10       |
|    time_elapsed    | 255      |
|    total_timesteps | 81920    |
---------------------------------
-----------------------------------------
| rollout/                |             |
|    ep_len_mean          | 3.37e+03    |
|    ep_rew_mean          | 784         |
| time/                   |             |
|    fps                  | 329         |
|    iterations           | 11          |
|    time_elapsed         | 273         |
|    total_timesteps      | 90112       |
| train/                  |             |
|    approx_kl            | 0.014783644 |
|    clip_fraction        | 0.157       |
|    clip_range           | 0.2         |
|    entropy_loss         | -1.32       |
|    explained_variance   | -0.000141   |
|    learning_rate        | 0.0003      |
|    loss                 | 2.21        |
|    n_updates            | 40          |
|    policy_gradient_loss | -0.01       |
|    value_loss           | 17.4        |
-----------------------------------------
-----------------------------------------
| rollout/                |             |
|    ep_len_mean          | 3.42e+03    |
|    ep_rew_mean          | 793         |
| time/                   |             |
|    fps                  | 337         |
|    iterations           | 12          |
|    time_elapsed         | 291         |
|    total_timesteps      | 98304       |
| train/                  |             |
|    approx_kl            | 0.033540335 |
|    clip_fraction        | 0.376       |
|    clip_range           | 0.2         |
|    entropy_loss         | -1.33       |
|    explained_variance   | -0.000474   |
|    learning_rate        | 0.0003      |
|    loss                 | 0.353       |
|    n_updates            | 44          |
|    policy_gradient_loss | 0.00129     |
|    value_loss           | 5.14        |
-----------------------------------------
Eval num_timesteps=100000, episode_reward=909.89 +/- 0.27
Episode length: 4000.00 +/- 0.00
-----------------------------------------
| eval/                   |             |
|    mean_ep_length       | 4e+03       |
|    mean_reward          | 910         |
| time/                   |             |
|    total_timesteps      | 100000      |
| train/                  |             |
|    approx_kl            | 0.010928169 |
|    clip_fraction        | 0.241       |
|    clip_range           | 0.2         |
|    entropy_loss         | -1.31       |
|    explained_variance   | -0.0024     |
|    learning_rate        | 0.0003      |
|    loss                 | 0.759       |
|    n_updates            | 48          |
|    policy_gradient_loss | -0.00711    |
|    value_loss           | 6.84        |
-----------------------------------------
---------------------------------
| rollout/           |          |
|    ep_len_mean     | 3.45e+03 |
|    ep_rew_mean     | 823      |
| time/              |          |
|    fps             | 321      |
|    iterations      | 13       |
|    time_elapsed    | 331      |
|    total_timesteps | 106496   |
---------------------------------
-----------------------------------------
| rollout/                |             |
|    ep_len_mean          | 3.47e+03    |
|    ep_rew_mean          | 839         |
| time/                   |             |
|    fps                  | 327         |
|    iterations           | 14          |
|    time_elapsed         | 350         |
|    total_timesteps      | 114688      |
| train/                  |             |
|    approx_kl            | 0.015626121 |
|    clip_fraction        | 0.2         |
|    clip_range           | 0.2         |
|    entropy_loss         | -1.29       |
|    explained_variance   | -4.9e-05    |
|    learning_rate        | 0.0003      |
|    loss                 | 0.714       |
|    n_updates            | 52          |
|    policy_gradient_loss | -0.00844    |
|    value_loss           | 12.2        |
-----------------------------------------
Eval num_timesteps=120000, episode_reward=909.97 +/- 0.38
Episode length: 4000.00 +/- 0.00
-----------------------------------------
| eval/                   |             |
|    mean_ep_length       | 4e+03       |
|    mean_reward          | 910         |
| time/                   |             |
|    total_timesteps      | 120000      |
| train/                  |             |
|    approx_kl            | 0.013588588 |
|    clip_fraction        | 0.299       |
|    clip_range           | 0.2         |
|    entropy_loss         | -1.32       |
|    explained_variance   | -0.00078    |
|    learning_rate        | 0.0003      |
|    loss                 | 0.328       |
|    n_updates            | 56          |
|    policy_gradient_loss | -0.000534   |
|    value_loss           | 3.47        |
-----------------------------------------
---------------------------------
| rollout/           |          |
|    ep_len_mean     | 3.52e+03 |
|    ep_rew_mean     | 843      |
| time/              |          |
|    fps             | 315      |
|    iterations      | 15       |
|    time_elapsed    | 389      |
|    total_timesteps | 122880   |
---------------------------------
----------------------------------------
| rollout/                |            |
|    ep_len_mean          | 3.53e+03   |
|    ep_rew_mean          | 841        |
| time/                   |            |
|    fps                  | 320        |
|    iterations           | 16         |
|    time_elapsed         | 408        |
|    total_timesteps      | 131072     |
| train/                  |            |
|    approx_kl            | 0.02037459 |
|    clip_fraction        | 0.282      |
|    clip_range           | 0.2        |
|    entropy_loss         | -1.27      |
|    explained_variance   | -0.000172  |
|    learning_rate        | 0.0003     |
|    loss                 | 0.062      |
|    n_updates            | 60         |
|    policy_gradient_loss | -0.000355  |
|    value_loss           | 8.71       |
----------------------------------------
-----------------------------------------
| rollout/                |             |
|    ep_len_mean          | 3.48e+03    |
|    ep_rew_mean          | 843         |
| time/                   |             |
|    fps                  | 327         |
|    iterations           | 17          |
|    time_elapsed         | 425         |
|    total_timesteps      | 139264      |
| train/                  |             |
|    approx_kl            | 0.030941263 |
|    clip_fraction        | 0.316       |
|    clip_range           | 0.2         |
|    entropy_loss         | -1.26       |
|    explained_variance   | -3.73e-05   |
|    learning_rate        | 0.0003      |
|    loss                 | 0.717       |
|    n_updates            | 64          |
|    policy_gradient_loss | -0.00305    |
|    value_loss           | 4.36        |
-----------------------------------------
Eval num_timesteps=140000, episode_reward=910.02 +/- 0.42
Episode length: 4000.00 +/- 0.00
-----------------------------------------
| eval/                   |             |
|    mean_ep_length       | 4e+03       |
|    mean_reward          | 910         |
| time/                   |             |
|    total_timesteps      | 140000      |
| train/                  |             |
|    approx_kl            | 0.023866186 |
|    clip_fraction        | 0.337       |
|    clip_range           | 0.2         |
|    entropy_loss         | -1.25       |
|    explained_variance   | -0.000307   |
|    learning_rate        | 0.0003      |
|    loss                 | 0.176       |
|    n_updates            | 68          |
|    policy_gradient_loss | 0.0136      |
|    value_loss           | 14.1        |
-----------------------------------------
New best mean reward!
---------------------------------
| rollout/           |          |
|    ep_len_mean     | 3.49e+03 |
|    ep_rew_mean     | 844      |
| time/              |          |
|    fps             | 316      |
|    iterations      | 18       |
|    time_elapsed    | 466      |
|    total_timesteps | 147456   |
---------------------------------
----------------------------------------
| rollout/                |            |
|    ep_len_mean          | 3.54e+03   |
|    ep_rew_mean          | 846        |
| time/                   |            |
|    fps                  | 321        |
|    iterations           | 19         |
|    time_elapsed         | 484        |
|    total_timesteps      | 155648     |
| train/                  |            |
|    approx_kl            | 0.02578255 |
|    clip_fraction        | 0.3        |
|    clip_range           | 0.2        |
|    entropy_loss         | -1.25      |
|    explained_variance   | -7.59e-05  |
|    learning_rate        | 0.0003     |
|    loss                 | 0.121      |
|    n_updates            | 72         |
|    policy_gradient_loss | -0.0199    |
|    value_loss           | 3.38       |
----------------------------------------
Eval num_timesteps=160000, episode_reward=909.99 +/- 0.25
Episode length: 4000.00 +/- 0.00
-----------------------------------------
| eval/                   |             |
|    mean_ep_length       | 4e+03       |
|    mean_reward          | 910         |
| time/                   |             |
|    total_timesteps      | 160000      |
| train/                  |             |
|    approx_kl            | 0.018074313 |
|    clip_fraction        | 0.168       |
|    clip_range           | 0.2         |
|    entropy_loss         | -1.27       |
|    explained_variance   | -0.000262   |
|    learning_rate        | 0.0003      |
|    loss                 | 0.175       |
|    n_updates            | 76          |
|    policy_gradient_loss | -0.00501    |
|    value_loss           | 13.7        |
-----------------------------------------
---------------------------------
| rollout/           |          |
|    ep_len_mean     | 3.54e+03 |
|    ep_rew_mean     | 846      |
| time/              |          |
|    fps             | 312      |
|    iterations      | 20       |
|    time_elapsed    | 524      |
|    total_timesteps | 163840   |
---------------------------------
-----------------------------------------
| rollout/                |             |
|    ep_len_mean          | 3.55e+03    |
|    ep_rew_mean          | 878         |
| time/                   |             |
|    fps                  | 317         |
|    iterations           | 21          |
|    time_elapsed         | 541         |
|    total_timesteps      | 172032      |
| train/                  |             |
|    approx_kl            | 0.016460136 |
|    clip_fraction        | 0.148       |
|    clip_range           | 0.2         |
|    entropy_loss         | -1.21       |
|    explained_variance   | 9.41e-05    |
|    learning_rate        | 0.0003      |
|    loss                 | 0.332       |
|    n_updates            | 80          |
|    policy_gradient_loss | -0.00938    |
|    value_loss           | 2.22        |
-----------------------------------------
Eval num_timesteps=180000, episode_reward=910.02 +/- 0.27
Episode length: 4000.00 +/- 0.00
-----------------------------------------
| eval/                   |             |
|    mean_ep_length       | 4e+03       |
|    mean_reward          | 910         |
| time/                   |             |
|    total_timesteps      | 180000      |
| train/                  |             |
|    approx_kl            | 0.029547151 |
|    clip_fraction        | 0.289       |
|    clip_range           | 0.2         |
|    entropy_loss         | -1.19       |
|    explained_variance   | -0.00013    |
|    learning_rate        | 0.0003      |
|    loss                 | 0.332       |
|    n_updates            | 84          |
|    policy_gradient_loss | 0.00499     |
|    value_loss           | 15.1        |
-----------------------------------------
New best mean reward!
---------------------------------
| rollout/           |          |
|    ep_len_mean     | 3.56e+03 |
|    ep_rew_mean     | 880      |
| time/              |          |
|    fps             | 309      |
|    iterations      | 22       |
|    time_elapsed    | 582      |
|    total_timesteps | 180224   |
---------------------------------
------------------------------------------
| rollout/                |              |
|    ep_len_mean          | 3.53e+03     |
|    ep_rew_mean          | 890          |
| time/                   |              |
|    fps                  | 314          |
|    iterations           | 23           |
|    time_elapsed         | 599          |
|    total_timesteps      | 188416       |
| train/                  |              |
|    approx_kl            | 0.0087177325 |
|    clip_fraction        | 0.122        |
|    clip_range           | 0.2          |
|    entropy_loss         | -1.21        |
|    explained_variance   | 2.22e-05     |
|    learning_rate        | 0.0003       |
|    loss                 | 0.309        |
|    n_updates            | 88           |
|    policy_gradient_loss | -0.00395     |
|    value_loss           | 4.91         |
------------------------------------------
-----------------------------------------
| rollout/                |             |
|    ep_len_mean          | 3.54e+03    |
|    ep_rew_mean          | 890         |
| time/                   |             |
|    fps                  | 317         |
|    iterations           | 24          |
|    time_elapsed         | 619         |
|    total_timesteps      | 196608      |
| train/                  |             |
|    approx_kl            | 0.013334848 |
|    clip_fraction        | 0.224       |
|    clip_range           | 0.2         |
|    entropy_loss         | -1.19       |
|    explained_variance   | -0.000128   |
|    learning_rate        | 0.0003      |
|    loss                 | 29.7        |
|    n_updates            | 92          |
|    policy_gradient_loss | 0.000877    |
|    value_loss           | 15.4        |
-----------------------------------------
Eval num_timesteps=200000, episode_reward=910.02 +/- 0.28
Episode length: 4000.00 +/- 0.00
-----------------------------------------
| eval/                   |             |
|    mean_ep_length       | 4e+03       |
|    mean_reward          | 910         |
| time/                   |             |
|    total_timesteps      | 200000      |
| train/                  |             |
|    approx_kl            | 0.021569414 |
|    clip_fraction        | 0.365       |
|    clip_range           | 0.2         |
|    entropy_loss         | -1.18       |
|    explained_variance   | -9.67e-05   |
|    learning_rate        | 0.0003      |
|    loss                 | 0.515       |
|    n_updates            | 96          |
|    policy_gradient_loss | 0.0123      |
|    value_loss           | 5.46        |
-----------------------------------------

[Curriculum] Stufe 1/3: Exit 5–15 Tiles  (20% | Grund: Zeitlimit | avgReward=20.0)
---------------------------------
| rollout/           |          |
|    ep_len_mean     | 3.47e+03 |
|    ep_rew_mean     | 883      |
| time/              |          |
|    fps             | 310      |
|    iterations      | 25       |
|    time_elapsed    | 658      |
|    total_timesteps | 204800   |
---------------------------------
-----------------------------------------
| rollout/                |             |
|    ep_len_mean          | 3.45e+03    |
|    ep_rew_mean          | 883         |
| time/                   |             |
|    fps                  | 134         |
|    iterations           | 26          |
|    time_elapsed         | 1579        |
|    total_timesteps      | 212992      |
| train/                  |             |
|    approx_kl            | 0.009607254 |
|    clip_fraction        | 0.117       |
|    clip_range           | 0.2         |
|    entropy_loss         | -1.14       |
|    explained_variance   | -8.08e-05   |
|    learning_rate        | 0.0003      |
|    loss                 | 0.193       |
|    n_updates            | 100         |
|    policy_gradient_loss | -0.00138    |
|    value_loss           | 19.7        |
-----------------------------------------
Eval num_timesteps=220000, episode_reward=910.04 +/- 0.34
Episode length: 4000.00 +/- 0.00
----------------------------------------
| eval/                   |            |
|    mean_ep_length       | 4e+03      |
|    mean_reward          | 910        |
| time/                   |            |
|    total_timesteps      | 220000     |
| train/                  |            |
|    approx_kl            | 0.01766581 |
|    clip_fraction        | 0.144      |
|    clip_range           | 0.2        |
|    entropy_loss         | -1.16      |
|    explained_variance   | 0.000111   |
|    learning_rate        | 0.0003     |
|    loss                 | 0.578      |
|    n_updates            | 104        |
|    policy_gradient_loss | -0.0041    |
|    value_loss           | 4.8        |
----------------------------------------
New best mean reward!
---------------------------------
| rollout/           |          |
|    ep_len_mean     | 3.43e+03 |
|    ep_rew_mean     | 886      |
| time/              |          |
|    fps             | 135      |
|    iterations      | 27       |
|    time_elapsed    | 1636     |
|    total_timesteps | 221184   |
---------------------------------
----------------------------------------
| rollout/                |            |
|    ep_len_mean          | 3.44e+03   |
|    ep_rew_mean          | 894        |
| time/                   |            |
|    fps                  | 138        |
|    iterations           | 28         |
|    time_elapsed         | 1655       |
|    total_timesteps      | 229376     |
| train/                  |            |
|    approx_kl            | 0.04041765 |
|    clip_fraction        | 0.399      |
|    clip_range           | 0.2        |
|    entropy_loss         | -1.16      |
|    explained_variance   | -6.28e-05  |
|    learning_rate        | 0.0003     |
|    loss                 | 0.71       |
|    n_updates            | 108        |
|    policy_gradient_loss | -0.0028    |
|    value_loss           | 16.8       |
----------------------------------------
---------------------------------------
| rollout/                |           |
|    ep_len_mean          | 3.4e+03   |
|    ep_rew_mean          | 881       |
| time/                   |           |
|    fps                  | 141       |
|    iterations           | 29        |
|    time_elapsed         | 1673      |
|    total_timesteps      | 237568    |
| train/                  |           |
|    approx_kl            | 0.0316275 |
|    clip_fraction        | 0.192     |
|    clip_range           | 0.2       |
|    entropy_loss         | -1.15     |
|    explained_variance   | -0.00147  |
|    learning_rate        | 0.0003    |
|    loss                 | 0.256     |
|    n_updates            | 112       |
|    policy_gradient_loss | -0.00444  |
|    value_loss           | 8.63      |
---------------------------------------
Eval num_timesteps=240000, episode_reward=910.04 +/- 0.25
Episode length: 4000.00 +/- 0.00
-----------------------------------------
| eval/                   |             |
|    mean_ep_length       | 4e+03       |
|    mean_reward          | 910         |
| time/                   |             |
|    total_timesteps      | 240000      |
| train/                  |             |
|    approx_kl            | 0.022243712 |
|    clip_fraction        | 0.346       |
|    clip_range           | 0.2         |
|    entropy_loss         | -1.12       |
|    explained_variance   | -0.000113   |
|    learning_rate        | 0.0003      |
|    loss                 | 1.88        |
|    n_updates            | 116         |
|    policy_gradient_loss | -0.00892    |
|    value_loss           | 13.2        |
-----------------------------------------
---------------------------------
| rollout/           |          |
|    ep_len_mean     | 3.42e+03 |
|    ep_rew_mean     | 887      |
| time/              |          |
|    fps             | 143      |
|    iterations      | 30       |
|    time_elapsed    | 1713     |
|    total_timesteps | 245760   |
---------------------------------
-----------------------------------------
| rollout/                |             |
|    ep_len_mean          | 3.44e+03    |
|    ep_rew_mean          | 895         |
| time/                   |             |
|    fps                  | 146         |
|    iterations           | 31          |
|    time_elapsed         | 1731        |
|    total_timesteps      | 253952      |
| train/                  |             |
|    approx_kl            | 0.028030999 |
|    clip_fraction        | 0.186       |
|    clip_range           | 0.2         |
|    entropy_loss         | -1.05       |
|    explained_variance   | -0.000162   |
|    learning_rate        | 0.0003      |
|    loss                 | 0.334       |
|    n_updates            | 120         |
|    policy_gradient_loss | -0.0103     |
|    value_loss           | 9.8         |
-----------------------------------------
Eval num_timesteps=260000, episode_reward=910.04 +/- 0.34
Episode length: 4000.00 +/- 0.00
-----------------------------------------
| eval/                   |             |
|    mean_ep_length       | 4e+03       |
|    mean_reward          | 910         |
| time/                   |             |
|    total_timesteps      | 260000      |
| train/                  |             |
|    approx_kl            | 0.014056324 |
|    clip_fraction        | 0.262       |
|    clip_range           | 0.2         |
|    entropy_loss         | -1          |
|    explained_variance   | -3.87e-05   |
|    learning_rate        | 0.0003      |
|    loss                 | 1.07        |
|    n_updates            | 124         |
|    policy_gradient_loss | -0.013      |
|    value_loss           | 9.95        |
-----------------------------------------
New best mean reward!
---------------------------------
| rollout/           |          |
|    ep_len_mean     | 3.45e+03 |
|    ep_rew_mean     | 902      |
| time/              |          |
|    fps             | 148      |
|    iterations      | 32       |
|    time_elapsed    | 1771     |
|    total_timesteps | 262144   |
---------------------------------

[Curriculum] Stufe 2/3: Exit 15–30 Tiles  (27% | Grund: Leistung OK | avgReward=25.0)
----------------------------------------
| rollout/                |            |
|    ep_len_mean          | 3.47e+03   |
|    ep_rew_mean          | 907        |
| time/                   |            |
|    fps                  | 151        |
|    iterations           | 33         |
|    time_elapsed         | 1789       |
|    total_timesteps      | 270336     |
| train/                  |            |
|    approx_kl            | 0.01821109 |
|    clip_fraction        | 0.215      |
|    clip_range           | 0.2        |
|    entropy_loss         | -1.04      |
|    explained_variance   | -0.000109  |
|    learning_rate        | 0.0003     |
|    loss                 | 0.337      |
|    n_updates            | 128        |
|    policy_gradient_loss | -0.00099   |
|    value_loss           | 9.92       |
----------------------------------------
-----------------------------------------
| rollout/                |             |
|    ep_len_mean          | 3.48e+03    |
|    ep_rew_mean          | 910         |
| time/                   |             |
|    fps                  | 154         |
|    iterations           | 34          |
|    time_elapsed         | 1807        |
|    total_timesteps      | 278528      |
| train/                  |             |
|    approx_kl            | 0.026344154 |
|    clip_fraction        | 0.29        |
|    clip_range           | 0.2         |
|    entropy_loss         | -1.14       |
|    explained_variance   | -8.88e-05   |
|    learning_rate        | 0.0003      |
|    loss                 | 0.164       |
|    n_updates            | 132         |
|    policy_gradient_loss | -0.00617    |
|    value_loss           | 10.2        |
-----------------------------------------
Eval num_timesteps=280000, episode_reward=909.97 +/- 0.27
Episode length: 4000.00 +/- 0.00
-----------------------------------------
| eval/                   |             |
|    mean_ep_length       | 4e+03       |
|    mean_reward          | 910         |
| time/                   |             |
|    total_timesteps      | 280000      |
| train/                  |             |
|    approx_kl            | 0.047429465 |
|    clip_fraction        | 0.37        |
|    clip_range           | 0.2         |
|    entropy_loss         | -1.18       |
|    explained_variance   | -2.86e-06   |
|    learning_rate        | 0.0003      |
|    loss                 | 0.17        |
|    n_updates            | 136         |
|    policy_gradient_loss | 0.00297     |
|    value_loss           | 8.9         |
-----------------------------------------
---------------------------------
| rollout/           |          |
|    ep_len_mean     | 3.49e+03 |
|    ep_rew_mean     | 912      |
| time/              |          |
|    fps             | 155      |
|    iterations      | 35       |
|    time_elapsed    | 1846     |
|    total_timesteps | 286720   |
---------------------------------
-----------------------------------------
| rollout/                |             |
|    ep_len_mean          | 3.51e+03    |
|    ep_rew_mean          | 910         |
| time/                   |             |
|    fps                  | 158         |
|    iterations           | 36          |
|    time_elapsed         | 1864        |
|    total_timesteps      | 294912      |
| train/                  |             |
|    approx_kl            | 0.019457735 |
|    clip_fraction        | 0.261       |
|    clip_range           | 0.2         |
|    entropy_loss         | -1.23       |
|    explained_variance   | -2.38e-07   |
|    learning_rate        | 0.0003      |
|    loss                 | 0.103       |
|    n_updates            | 140         |
|    policy_gradient_loss | -0.0138     |
|    value_loss           | 8.41        |
-----------------------------------------
Eval num_timesteps=300000, episode_reward=910.05 +/- 0.41
Episode length: 4000.00 +/- 0.00
-----------------------------------------
| eval/                   |             |
|    mean_ep_length       | 4e+03       |
|    mean_reward          | 910         |
| time/                   |             |
|    total_timesteps      | 300000      |
| train/                  |             |
|    approx_kl            | 0.030422766 |
|    clip_fraction        | 0.24        |
|    clip_range           | 0.2         |
|    entropy_loss         | -1.19       |
|    explained_variance   | -7.99e-06   |
|    learning_rate        | 0.0003      |
|    loss                 | 66.7        |
|    n_updates            | 144         |
|    policy_gradient_loss | -0.00746    |
|    value_loss           | 8.47        |
-----------------------------------------
New best mean reward!
---------------------------------
| rollout/           |          |
|    ep_len_mean     | 3.52e+03 |
|    ep_rew_mean     | 909      |
| time/              |          |
|    fps             | 159      |
|    iterations      | 37       |
|    time_elapsed    | 1903     |
|    total_timesteps | 303104   |
---------------------------------
-----------------------------------------
| rollout/                |             |
|    ep_len_mean          | 3.52e+03    |
|    ep_rew_mean          | 907         |
| time/                   |             |
|    fps                  | 126         |
|    iterations           | 38          |
|    time_elapsed         | 2453        |
|    total_timesteps      | 311296      |
| train/                  |             |
|    approx_kl            | 0.034759756 |
|    clip_fraction        | 0.292       |
|    clip_range           | 0.2         |
|    entropy_loss         | -1.2        |
|    explained_variance   | -3.36e-05   |
|    learning_rate        | 0.0003      |
|    loss                 | 0.0306      |
|    n_updates            | 148         |
|    policy_gradient_loss | -0.00402    |
|    value_loss           | 7.93        |
-----------------------------------------
-----------------------------------------
| rollout/                |             |
|    ep_len_mean          | 3.53e+03    |
|    ep_rew_mean          | 907         |
| time/                   |             |
|    fps                  | 129         |
|    iterations           | 39          |
|    time_elapsed         | 2470        |
|    total_timesteps      | 319488      |
| train/                  |             |
|    approx_kl            | 0.018527374 |
|    clip_fraction        | 0.255       |
|    clip_range           | 0.2         |
|    entropy_loss         | -1.17       |
|    explained_variance   | 2.86e-06    |
|    learning_rate        | 0.0003      |
|    loss                 | 0.152       |
|    n_updates            | 152         |
|    policy_gradient_loss | -0.0154     |
|    value_loss           | 7.94        |
-----------------------------------------
Eval num_timesteps=320000, episode_reward=910.04 +/- 0.19
Episode length: 4000.00 +/- 0.00
-----------------------------------------
| eval/                   |             |
|    mean_ep_length       | 4e+03       |
|    mean_reward          | 910         |
| time/                   |             |
|    total_timesteps      | 320000      |
| train/                  |             |
|    approx_kl            | 0.027379936 |
|    clip_fraction        | 0.233       |
|    clip_range           | 0.2         |
|    entropy_loss         | -1.15       |
|    explained_variance   | -2.73e-05   |
|    learning_rate        | 0.0003      |
|    loss                 | 0.186       |
|    n_updates            | 156         |
|    policy_gradient_loss | -0.0133     |
|    value_loss           | 7.93        |
-----------------------------------------
---------------------------------
| rollout/           |          |
|    ep_len_mean     | 3.54e+03 |
|    ep_rew_mean     | 905      |
| time/              |          |
|    fps             | 103      |
|    iterations      | 40       |
|    time_elapsed    | 3160     |
|    total_timesteps | 327680   |
---------------------------------
----------------------------------------
| rollout/                |            |
|    ep_len_mean          | 3.55e+03   |
|    ep_rew_mean          | 908        |
| time/                   |            |
|    fps                  | 105        |
|    iterations           | 41         |
|    time_elapsed         | 3178       |
|    total_timesteps      | 335872     |
| train/                  |            |
|    approx_kl            | 0.02533131 |
|    clip_fraction        | 0.347      |
|    clip_range           | 0.2        |
|    entropy_loss         | -1.16      |
|    explained_variance   | -0.000192  |
|    learning_rate        | 0.0003     |
|    loss                 | 0.0326     |
|    n_updates            | 160        |
|    policy_gradient_loss | -0.00656   |
|    value_loss           | 8.28       |
----------------------------------------
Eval num_timesteps=340000, episode_reward=910.07 +/- 0.27
Episode length: 4000.00 +/- 0.00
----------------------------------------
| eval/                   |            |
|    mean_ep_length       | 4e+03      |
|    mean_reward          | 910        |
| time/                   |            |
|    total_timesteps      | 340000     |
| train/                  |            |
|    approx_kl            | 0.02513118 |
|    clip_fraction        | 0.398      |
|    clip_range           | 0.2        |
|    entropy_loss         | -1.14      |
|    explained_variance   | -2.62e-05  |
|    learning_rate        | 0.0003     |
|    loss                 | 0.0671     |
|    n_updates            | 164        |
|    policy_gradient_loss | 0.00331    |
|    value_loss           | 7.61       |
----------------------------------------
New best mean reward!
---------------------------------
| rollout/           |          |
|    ep_len_mean     | 3.53e+03 |
|    ep_rew_mean     | 902      |
| time/              |          |
|    fps             | 83       |
|    iterations      | 42       |
|    time_elapsed    | 4118     |
|    total_timesteps | 344064   |
---------------------------------
-----------------------------------------
| rollout/                |             |
|    ep_len_mean          | 3.54e+03    |
|    ep_rew_mean          | 903         |
| time/                   |             |
|    fps                  | 69          |
|    iterations           | 43          |
|    time_elapsed         | 5037        |
|    total_timesteps      | 352256      |
| train/                  |             |
|    approx_kl            | 0.019480068 |
|    clip_fraction        | 0.246       |
|    clip_range           | 0.2         |
|    entropy_loss         | -1.15       |
|    explained_variance   | -9.69e-05   |
|    learning_rate        | 0.0003      |
|    loss                 | 0.0469      |
|    n_updates            | 168         |
|    policy_gradient_loss | -0.0103     |
|    value_loss           | 11.6        |
-----------------------------------------
Eval num_timesteps=360000, episode_reward=910.17 +/- 0.33
Episode length: 4000.00 +/- 0.00
-----------------------------------------
| eval/                   |             |
|    mean_ep_length       | 4e+03       |
|    mean_reward          | 910         |
| time/                   |             |
|    total_timesteps      | 360000      |
| train/                  |             |
|    approx_kl            | 0.022179484 |
|    clip_fraction        | 0.256       |
|    clip_range           | 0.2         |
|    entropy_loss         | -1.08       |
|    explained_variance   | -1.55e-06   |
|    learning_rate        | 0.0003      |
|    loss                 | 0.0828      |
|    n_updates            | 172         |
|    policy_gradient_loss | -0.0101     |
|    value_loss           | 8.58        |
-----------------------------------------
New best mean reward!
---------------------------------
| rollout/           |          |
|    ep_len_mean     | 3.55e+03 |
|    ep_rew_mean     | 902      |
| time/              |          |
|    fps             | 70       |
|    iterations      | 44       |
|    time_elapsed    | 5077     |
|    total_timesteps | 360448   |
---------------------------------
---------------------------------------
| rollout/                |           |
|    ep_len_mean          | 3.57e+03  |
|    ep_rew_mean          | 908       |
| time/                   |           |
|    fps                  | 61        |
|    iterations           | 45        |
|    time_elapsed         | 5995      |
|    total_timesteps      | 368640    |
| train/                  |           |
|    approx_kl            | 0.0430772 |
|    clip_fraction        | 0.345     |
|    clip_range           | 0.2       |
|    entropy_loss         | -1.07     |
|    explained_variance   | -9.42e-06 |
|    learning_rate        | 0.0003    |
|    loss                 | 0.64      |
|    n_updates            | 176       |
|    policy_gradient_loss | -0.00316  |
|    value_loss           | 8.15      |
---------------------------------------
-----------------------------------------
| rollout/                |             |
|    ep_len_mean          | 3.58e+03    |
|    ep_rew_mean          | 909         |
| time/                   |             |
|    fps                  | 62          |
|    iterations           | 46          |
|    time_elapsed         | 6013        |
|    total_timesteps      | 376832      |
| train/                  |             |
|    approx_kl            | 0.026673958 |
|    clip_fraction        | 0.25        |
|    clip_range           | 0.2         |
|    entropy_loss         | -1.09       |
|    explained_variance   | -8.82e-05   |
|    learning_rate        | 0.0003      |
|    loss                 | 0.0333      |
|    n_updates            | 180         |
|    policy_gradient_loss | -0.00925    |
|    value_loss           | 7.47        |
-----------------------------------------
Eval num_timesteps=380000, episode_reward=910.19 +/- 0.29
Episode length: 4000.00 +/- 0.00
----------------------------------------
| eval/                   |            |
|    mean_ep_length       | 4e+03      |
|    mean_reward          | 910        |
| time/                   |            |
|    total_timesteps      | 380000     |
| train/                  |            |
|    approx_kl            | 0.02112985 |
|    clip_fraction        | 0.236      |
|    clip_range           | 0.2        |
|    entropy_loss         | -1.07      |
|    explained_variance   | -2.67e-05  |
|    learning_rate        | 0.0003     |
|    loss                 | -0.00991   |
|    n_updates            | 184        |
|    policy_gradient_loss | -0.0147    |
|    value_loss           | 7.43       |
----------------------------------------
New best mean reward!
---------------------------------
| rollout/           |          |
|    ep_len_mean     | 3.58e+03 |
|    ep_rew_mean     | 913      |
| time/              |          |
|    fps             | 55       |
|    iterations      | 47       |
|    time_elapsed    | 6953     |
|    total_timesteps | 385024   |
---------------------------------
-----------------------------------------
| rollout/                |             |
|    ep_len_mean          | 3.58e+03    |
|    ep_rew_mean          | 913         |
| time/                   |             |
|    fps                  | 56          |
|    iterations           | 48          |
|    time_elapsed         | 6971        |
|    total_timesteps      | 393216      |
| train/                  |             |
|    approx_kl            | 0.018240172 |
|    clip_fraction        | 0.357       |
|    clip_range           | 0.2         |
|    entropy_loss         | -1.08       |
|    explained_variance   | -6.1e-05    |
|    learning_rate        | 0.0003      |
|    loss                 | 0.14        |
|    n_updates            | 188         |
|    policy_gradient_loss | -0.0148     |
|    value_loss           | 7.97        |
-----------------------------------------
Eval num_timesteps=400000, episode_reward=910.27 +/- 0.42
Episode length: 4000.00 +/- 0.00
-----------------------------------------
| eval/                   |             |
|    mean_ep_length       | 4e+03       |
|    mean_reward          | 910         |
| time/                   |             |
|    total_timesteps      | 400000      |
| train/                  |             |
|    approx_kl            | 0.021083985 |
|    clip_fraction        | 0.324       |
|    clip_range           | 0.2         |
|    entropy_loss         | -1.1        |
|    explained_variance   | 3.74e-05    |
|    learning_rate        | 0.0003      |
|    loss                 | 0.0982      |
|    n_updates            | 192         |
|    policy_gradient_loss | -0.0227     |
|    value_loss           | 7.67        |
-----------------------------------------
New best mean reward!

[Curriculum] Stufe 3/3: Exit 35–45 Tiles  (40% | Grund: Zeitlimit | avgReward=13.9)
---------------------------------
| rollout/           |          |
|    ep_len_mean     | 3.55e+03 |
|    ep_rew_mean     | 912      |
| time/              |          |
|    fps             | 52       |
|    iterations      | 49       |
|    time_elapsed    | 7585     |
|    total_timesteps | 401408   |
---------------------------------
----------------------------------------
| rollout/                |            |
|    ep_len_mean          | 3.59e+03   |
|    ep_rew_mean          | 920        |
| time/                   |            |
|    fps                  | 53         |
|    iterations           | 50         |
|    time_elapsed         | 7604       |
|    total_timesteps      | 409600     |
| train/                  |            |
|    approx_kl            | 0.03023614 |
|    clip_fraction        | 0.321      |
|    clip_range           | 0.2        |
|    entropy_loss         | -1.12      |
|    explained_variance   | -1e-05     |
|    learning_rate        | 0.0003     |
|    loss                 | 0.00153    |
|    n_updates            | 196        |
|    policy_gradient_loss | -0.00644   |
|    value_loss           | 15.3       |
----------------------------------------
-----------------------------------------
| rollout/                |             |
|    ep_len_mean          | 3.59e+03    |
|    ep_rew_mean          | 918         |
| time/                   |             |
|    fps                  | 49          |
|    iterations           | 51          |
|    time_elapsed         | 8522        |
|    total_timesteps      | 417792      |
| train/                  |             |
|    approx_kl            | 0.025016135 |
|    clip_fraction        | 0.318       |
|    clip_range           | 0.2         |
|    entropy_loss         | -1.14       |
|    explained_variance   | 3e-05       |
|    learning_rate        | 0.0003      |
|    loss                 | 0.155       |
|    n_updates            | 200         |
|    policy_gradient_loss | -0.00746    |
|    value_loss           | 7.44        |
-----------------------------------------
Eval num_timesteps=420000, episode_reward=910.25 +/- 0.41
Episode length: 4000.00 +/- 0.00
-----------------------------------------
| eval/                   |             |
|    mean_ep_length       | 4e+03       |
|    mean_reward          | 910         |
| time/                   |             |
|    total_timesteps      | 420000      |
| train/                  |             |
|    approx_kl            | 0.043163273 |
|    clip_fraction        | 0.308       |
|    clip_range           | 0.2         |
|    entropy_loss         | -1.15       |
|    explained_variance   | -2.12e-05   |
|    learning_rate        | 0.0003      |
|    loss                 | 0.0543      |
|    n_updates            | 204         |
|    policy_gradient_loss | -0.0121     |
|    value_loss           | 7.43        |
-----------------------------------------
---------------------------------
| rollout/           |          |
|    ep_len_mean     | 3.59e+03 |
|    ep_rew_mean     | 920      |
| time/              |          |
|    fps             | 49       |
|    iterations      | 52       |
|    time_elapsed    | 8562     |
|    total_timesteps | 425984   |
---------------------------------
-----------------------------------------
| rollout/                |             |
|    ep_len_mean          | 3.59e+03    |
|    ep_rew_mean          | 915         |
| time/                   |             |
|    fps                  | 49          |
|    iterations           | 53          |
|    time_elapsed         | 8706        |
|    total_timesteps      | 434176      |
| train/                  |             |
|    approx_kl            | 0.046865024 |
|    clip_fraction        | 0.385       |
|    clip_range           | 0.2         |
|    entropy_loss         | -1.08       |
|    explained_variance   | 0.000181    |
|    learning_rate        | 0.0003      |
|    loss                 | 0.185       |
|    n_updates            | 208         |
|    policy_gradient_loss | -0.00655    |
|    value_loss           | 7.27        |
-----------------------------------------
Eval num_timesteps=440000, episode_reward=910.10 +/- 0.54
Episode length: 4000.00 +/- 0.00
----------------------------------------
| eval/                   |            |
|    mean_ep_length       | 4e+03      |
|    mean_reward          | 910        |
| time/                   |            |
|    total_timesteps      | 440000     |
| train/                  |            |
|    approx_kl            | 0.04618693 |
|    clip_fraction        | 0.306      |
|    clip_range           | 0.2        |
|    entropy_loss         | -1.09      |
|    explained_variance   | 5.66e-06   |
|    learning_rate        | 0.0003     |
|    loss                 | 0.12       |
|    n_updates            | 212        |
|    policy_gradient_loss | -0.00885   |
|    value_loss           | 7.42       |
----------------------------------------
---------------------------------
| rollout/           |          |
|    ep_len_mean     | 3.63e+03 |
|    ep_rew_mean     | 923      |
| time/              |          |
|    fps             | 45       |
|    iterations      | 54       |
|    time_elapsed    | 9647     |
|    total_timesteps | 442368   |
---------------------------------
-----------------------------------------
| rollout/                |             |
|    ep_len_mean          | 3.64e+03    |
|    ep_rew_mean          | 924         |
| time/                   |             |
|    fps                  | 46          |
|    iterations           | 55          |
|    time_elapsed         | 9665        |
|    total_timesteps      | 450560      |
| train/                  |             |
|    approx_kl            | 0.024388824 |
|    clip_fraction        | 0.3         |
|    clip_range           | 0.2         |
|    entropy_loss         | -1.09       |
|    explained_variance   | -0.000317   |
|    learning_rate        | 0.0003      |
|    loss                 | 0.0901      |
|    n_updates            | 216         |
|    policy_gradient_loss | -0.0212     |
|    value_loss           | 7.63        |
-----------------------------------------
-----------------------------------------
| rollout/                |             |
|    ep_len_mean          | 3.64e+03    |
|    ep_rew_mean          | 923         |
| time/                   |             |
|    fps                  | 47          |
|    iterations           | 56          |
|    time_elapsed         | 9683        |
|    total_timesteps      | 458752      |
| train/                  |             |
|    approx_kl            | 0.021580152 |
|    clip_fraction        | 0.286       |
|    clip_range           | 0.2         |
|    entropy_loss         | -1.04       |
|    explained_variance   | -9.3e-05    |
|    learning_rate        | 0.0003      |
|    loss                 | 0.107       |
|    n_updates            | 220         |
|    policy_gradient_loss | -0.0145     |
|    value_loss           | 8.14        |
-----------------------------------------
Eval num_timesteps=460000, episode_reward=910.25 +/- 0.34
Episode length: 4000.00 +/- 0.00
----------------------------------------
| eval/                   |            |
|    mean_ep_length       | 4e+03      |
|    mean_reward          | 910        |
| time/                   |            |
|    total_timesteps      | 460000     |
| train/                  |            |
|    approx_kl            | 0.03810848 |
|    clip_fraction        | 0.367      |
|    clip_range           | 0.2        |
|    entropy_loss         | -1.07      |
|    explained_variance   | -2.92e-05  |
|    learning_rate        | 0.0003     |
|    loss                 | 0.0872     |
|    n_updates            | 224        |
|    policy_gradient_loss | -0.000579  |
|    value_loss           | 6.99       |
----------------------------------------
---------------------------------
| rollout/           |          |
|    ep_len_mean     | 3.64e+03 |
|    ep_rew_mean     | 922      |
| time/              |          |
|    fps             | 43       |
|    iterations      | 57       |
|    time_elapsed    | 10622    |
|    total_timesteps | 466944   |
---------------------------------
-----------------------------------------
| rollout/                |             |
|    ep_len_mean          | 3.65e+03    |
|    ep_rew_mean          | 917         |
| time/                   |             |
|    fps                  | 44          |
|    iterations           | 58          |
|    time_elapsed         | 10659       |
|    total_timesteps      | 475136      |
| train/                  |             |
|    approx_kl            | 0.014454969 |
|    clip_fraction        | 0.236       |
|    clip_range           | 0.2         |
|    entropy_loss         | -1.09       |
|    explained_variance   | 0.000103    |
|    learning_rate        | 0.0003      |
|    loss                 | 0.0263      |
|    n_updates            | 228         |
|    policy_gradient_loss | -0.0172     |
|    value_loss           | 7.33        |
-----------------------------------------
Eval num_timesteps=480000, episode_reward=910.24 +/- 0.31
Episode length: 4000.00 +/- 0.00
-----------------------------------------
| eval/                   |             |
|    mean_ep_length       | 4e+03       |
|    mean_reward          | 910         |
| time/                   |             |
|    total_timesteps      | 480000      |
| train/                  |             |
|    approx_kl            | 0.018730154 |
|    clip_fraction        | 0.31        |
|    clip_range           | 0.2         |
|    entropy_loss         | -1.12       |
|    explained_variance   | 0.000499    |
|    learning_rate        | 0.0003      |
|    loss                 | -0.0103     |
|    n_updates            | 232         |
|    policy_gradient_loss | -0.0212     |
|    value_loss           | 7           |
-----------------------------------------
---------------------------------
| rollout/           |          |
|    ep_len_mean     | 3.65e+03 |
|    ep_rew_mean     | 914      |
| time/              |          |
|    fps             | 45       |
|    iterations      | 59       |
|    time_elapsed    | 10699    |
|    total_timesteps | 483328   |
---------------------------------
-----------------------------------------
| rollout/                |             |
|    ep_len_mean          | 3.65e+03    |
|    ep_rew_mean          | 914         |
| time/                   |             |
|    fps                  | 43          |
|    iterations           | 60          |
|    time_elapsed         | 11234       |
|    total_timesteps      | 491520      |
| train/                  |             |
|    approx_kl            | 0.024347097 |
|    clip_fraction        | 0.249       |
|    clip_range           | 0.2         |
|    entropy_loss         | -1.06       |
|    explained_variance   | -0.00302    |
|    learning_rate        | 0.0003      |
|    loss                 | 0.143       |
|    n_updates            | 236         |
|    policy_gradient_loss | -0.00774    |
|    value_loss           | 10.3        |
-----------------------------------------
-----------------------------------------
| rollout/                |             |
|    ep_len_mean          | 3.69e+03    |
|    ep_rew_mean          | 918         |
| time/                   |             |
|    fps                  | 44          |
|    iterations           | 61          |
|    time_elapsed         | 11251       |
|    total_timesteps      | 499712      |
| train/                  |             |
|    approx_kl            | 0.032362945 |
|    clip_fraction        | 0.318       |
|    clip_range           | 0.2         |
|    entropy_loss         | -1.09       |
|    explained_variance   | -0.00489    |
|    learning_rate        | 0.0003      |
|    loss                 | 0.0221      |
|    n_updates            | 240         |
|    policy_gradient_loss | -0.015      |
|    value_loss           | 3.8         |
-----------------------------------------
Eval num_timesteps=500000, episode_reward=910.64 +/- 0.91
Episode length: 4000.00 +/- 0.00
----------------------------------------
| eval/                   |            |
|    mean_ep_length       | 4e+03      |
|    mean_reward          | 911        |
| time/                   |            |
|    total_timesteps      | 500000     |
| train/                  |            |
|    approx_kl            | 0.02575901 |
|    clip_fraction        | 0.281      |
|    clip_range           | 0.2        |
|    entropy_loss         | -1.09      |
|    explained_variance   | 0.000416   |
|    learning_rate        | 0.0003     |
|    loss                 | 0.0263     |
|    n_updates            | 244        |
|    policy_gradient_loss | -0.00773   |
|    value_loss           | 10.6       |
----------------------------------------
New best mean reward!
---------------------------------
| rollout/           |          |
|    ep_len_mean     | 3.69e+03 |
|    ep_rew_mean     | 916      |
| time/              |          |
|    fps             | 41       |
|    iterations      | 62       |
|    time_elapsed    | 12192    |
|    total_timesteps | 507904   |
---------------------------------
-----------------------------------------
| rollout/                |             |
|    ep_len_mean          | 3.69e+03    |
|    ep_rew_mean          | 921         |
| time/                   |             |
|    fps                  | 42          |
|    iterations           | 63          |
|    time_elapsed         | 12210       |
|    total_timesteps      | 516096      |
| train/                  |             |
|    approx_kl            | 0.023058461 |
|    clip_fraction        | 0.225       |
|    clip_range           | 0.2         |
|    entropy_loss         | -1.1        |
|    explained_variance   | -0.00602    |
|    learning_rate        | 0.0003      |
|    loss                 | 0.14        |
|    n_updates            | 248         |
|    policy_gradient_loss | -0.0133     |
|    value_loss           | 8.06        |
-----------------------------------------
Eval num_timesteps=520000, episode_reward=911.25 +/- 2.78
Episode length: 4000.00 +/- 0.00
-----------------------------------------
| eval/                   |             |
|    mean_ep_length       | 4e+03       |
|    mean_reward          | 911         |
| time/                   |             |
|    total_timesteps      | 520000      |
| train/                  |             |
|    approx_kl            | 0.032064892 |
|    clip_fraction        | 0.273       |
|    clip_range           | 0.2         |
|    entropy_loss         | -1.09       |
|    explained_variance   | 0.00253     |
|    learning_rate        | 0.0003      |
|    loss                 | 0.0524      |
|    n_updates            | 252         |
|    policy_gradient_loss | -0.00353    |
|    value_loss           | 7.84        |
-----------------------------------------
New best mean reward!
---------------------------------
| rollout/           |          |
|    ep_len_mean     | 3.69e+03 |
|    ep_rew_mean     | 922      |
| time/              |          |
|    fps             | 42       |
|    iterations      | 64       |
|    time_elapsed    | 12293    |
|    total_timesteps | 524288   |
---------------------------------
-----------------------------------------
| rollout/                |             |
|    ep_len_mean          | 3.69e+03    |
|    ep_rew_mean          | 919         |
| time/                   |             |
|    fps                  | 43          |
|    iterations           | 65          |
|    time_elapsed         | 12311       |
|    total_timesteps      | 532480      |
| train/                  |             |
|    approx_kl            | 0.025520453 |
|    clip_fraction        | 0.351       |
|    clip_range           | 0.2         |
|    entropy_loss         | -1.07       |
|    explained_variance   | 0.00917     |
|    learning_rate        | 0.0003      |
|    loss                 | -0.000205   |
|    n_updates            | 256         |
|    policy_gradient_loss | -0.00204    |
|    value_loss           | 7.51        |
-----------------------------------------
Eval num_timesteps=540000, episode_reward=910.22 +/- 0.43
Episode length: 4000.00 +/- 0.00
-----------------------------------------
| eval/                   |             |
|    mean_ep_length       | 4e+03       |
|    mean_reward          | 910         |
| time/                   |             |
|    total_timesteps      | 540000      |
| train/                  |             |
|    approx_kl            | 0.059417676 |
|    clip_fraction        | 0.334       |
|    clip_range           | 0.2         |
|    entropy_loss         | -1.05       |
|    explained_variance   | 0.0101      |
|    learning_rate        | 0.0003      |
|    loss                 | 0.0341      |
|    n_updates            | 260         |
|    policy_gradient_loss | -0.013      |
|    value_loss           | 7.11        |
-----------------------------------------
---------------------------------
| rollout/           |          |
|    ep_len_mean     | 3.7e+03  |
|    ep_rew_mean     | 914      |
| time/              |          |
|    fps             | 40       |
|    iterations      | 66       |
|    time_elapsed    | 13251    |
|    total_timesteps | 540672   |
---------------------------------
-----------------------------------------
| rollout/                |             |
|    ep_len_mean          | 3.7e+03     |
|    ep_rew_mean          | 909         |
| time/                   |             |
|    fps                  | 39          |
|    iterations           | 67          |
|    time_elapsed         | 13923       |
|    total_timesteps      | 548864      |
| train/                  |             |
|    approx_kl            | 0.029908236 |
|    clip_fraction        | 0.324       |
|    clip_range           | 0.2         |
|    entropy_loss         | -1.1        |
|    explained_variance   | 0.00758     |
|    learning_rate        | 0.0003      |
|    loss                 | 0.0405      |
|    n_updates            | 264         |
|    policy_gradient_loss | -0.00791    |
|    value_loss           | 7.08        |
-----------------------------------------
-----------------------------------------
| rollout/                |             |
|    ep_len_mean          | 3.7e+03     |
|    ep_rew_mean          | 900         |
| time/                   |             |
|    fps                  | 39          |
|    iterations           | 68          |
|    time_elapsed         | 13941       |
|    total_timesteps      | 557056      |
| train/                  |             |
|    approx_kl            | 0.040687144 |
|    clip_fraction        | 0.324       |
|    clip_range           | 0.2         |
|    entropy_loss         | -1.04       |
|    explained_variance   | 0.0166      |
|    learning_rate        | 0.0003      |
|    loss                 | 0.147       |
|    n_updates            | 268         |
|    policy_gradient_loss | -0.0101     |
|    value_loss           | 7.09        |
-----------------------------------------
Eval num_timesteps=560000, episode_reward=910.61 +/- 1.14
Episode length: 4000.00 +/- 0.00
-----------------------------------------
| eval/                   |             |
|    mean_ep_length       | 4e+03       |
|    mean_reward          | 911         |
| time/                   |             |
|    total_timesteps      | 560000      |
| train/                  |             |
|    approx_kl            | 0.023486376 |
|    clip_fraction        | 0.307       |
|    clip_range           | 0.2         |
|    entropy_loss         | -1.09       |
|    explained_variance   | 0.0183      |
|    learning_rate        | 0.0003      |
|    loss                 | 0.0157      |
|    n_updates            | 272         |
|    policy_gradient_loss | -0.0082     |
|    value_loss           | 8.09        |
-----------------------------------------
---------------------------------
| rollout/           |          |
|    ep_len_mean     | 3.7e+03  |
|    ep_rew_mean     | 899      |
| time/              |          |
|    fps             | 39       |
|    iterations      | 69       |
|    time_elapsed    | 14258    |
|    total_timesteps | 565248   |
---------------------------------
----------------------------------------
| rollout/                |            |
|    ep_len_mean          | 3.74e+03   |
|    ep_rew_mean          | 909        |
| time/                   |            |
|    fps                  | 40         |
|    iterations           | 70         |
|    time_elapsed         | 14277      |
|    total_timesteps      | 573440     |
| train/                  |            |
|    approx_kl            | 0.02359666 |
|    clip_fraction        | 0.294      |
|    clip_range           | 0.2        |
|    entropy_loss         | -1.12      |
|    explained_variance   | 0.0108     |
|    learning_rate        | 0.0003     |
|    loss                 | 0.0606     |
|    n_updates            | 276        |
|    policy_gradient_loss | -0.00668   |
|    value_loss           | 11.4       |
----------------------------------------
Eval num_timesteps=580000, episode_reward=910.22 +/- 0.30
Episode length: 4000.00 +/- 0.00
-----------------------------------------
| eval/                   |             |
|    mean_ep_length       | 4e+03       |
|    mean_reward          | 910         |
| time/                   |             |
|    total_timesteps      | 580000      |
| train/                  |             |
|    approx_kl            | 0.020648427 |
|    clip_fraction        | 0.277       |
|    clip_range           | 0.2         |
|    entropy_loss         | -1.13       |
|    explained_variance   | 0.0114      |
|    learning_rate        | 0.0003      |
|    loss                 | 52.7        |
|    n_updates            | 280         |
|    policy_gradient_loss | -0.0154     |
|    value_loss           | 7.1         |
-----------------------------------------
---------------------------------
| rollout/           |          |
|    ep_len_mean     | 3.77e+03 |
|    ep_rew_mean     | 906      |
| time/              |          |
|    fps             | 40       |
|    iterations      | 71       |
|    time_elapsed    | 14513    |
|    total_timesteps | 581632   |
---------------------------------
-----------------------------------------
| rollout/                |             |
|    ep_len_mean          | 3.78e+03    |
|    ep_rew_mean          | 907         |
| time/                   |             |
|    fps                  | 40          |
|    iterations           | 72          |
|    time_elapsed         | 14532       |
|    total_timesteps      | 589824      |
| train/                  |             |
|    approx_kl            | 0.040206797 |
|    clip_fraction        | 0.337       |
|    clip_range           | 0.2         |
|    entropy_loss         | -1.11       |
|    explained_variance   | -0.00185    |
|    learning_rate        | 0.0003      |
|    loss                 | 0.0278      |
|    n_updates            | 284         |
|    policy_gradient_loss | -0.0124     |
|    value_loss           | 10.6        |
-----------------------------------------
-----------------------------------------
| rollout/                |             |
|    ep_len_mean          | 3.81e+03    |
|    ep_rew_mean          | 906         |
| time/                   |             |
|    fps                  | 39          |
|    iterations           | 73          |
|    time_elapsed         | 15023       |
|    total_timesteps      | 598016      |
| train/                  |             |
|    approx_kl            | 0.021823578 |
|    clip_fraction        | 0.272       |
|    clip_range           | 0.2         |
|    entropy_loss         | -1.07       |
|    explained_variance   | 0.0164      |
|    learning_rate        | 0.0003      |
|    loss                 | 0.0171      |
|    n_updates            | 288         |
|    policy_gradient_loss | -0.00857    |
|    value_loss           | 4.05        |
-----------------------------------------
Eval num_timesteps=600000, episode_reward=910.12 +/- 0.35
Episode length: 4000.00 +/- 0.00
-----------------------------------------
| eval/                   |             |
|    mean_ep_length       | 4e+03       |
|    mean_reward          | 910         |
| time/                   |             |
|    total_timesteps      | 600000      |
| train/                  |             |
|    approx_kl            | 0.024620097 |
|    clip_fraction        | 0.295       |
|    clip_range           | 0.2         |
|    entropy_loss         | -1.02       |
|    explained_variance   | -0.01       |
|    learning_rate        | 0.0003      |
|    loss                 | 56.3        |
|    n_updates            | 292         |
|    policy_gradient_loss | -0.0162     |
|    value_loss           | 12.1        |
-----------------------------------------
---------------------------------
| rollout/           |          |
|    ep_len_mean     | 3.81e+03 |
|    ep_rew_mean     | 907      |
| time/              |          |
|    fps             | 37       |
|    iterations      | 74       |
|    time_elapsed    | 16003    |
|    total_timesteps | 606208   |
---------------------------------
----------------------------------------
| rollout/                |            |
|    ep_len_mean          | 3.81e+03   |
|    ep_rew_mean          | 905        |
| time/                   |            |
|    fps                  | 38         |
|    iterations           | 75         |
|    time_elapsed         | 16020      |
|    total_timesteps      | 614400     |
| train/                  |            |
|    approx_kl            | 0.03813483 |
|    clip_fraction        | 0.325      |
|    clip_range           | 0.2        |
|    entropy_loss         | -0.97      |
|    explained_variance   | 0.00011    |
|    learning_rate        | 0.0003     |
|    loss                 | 0.00777    |
|    n_updates            | 296        |
|    policy_gradient_loss | -0.00871   |
|    value_loss           | 3.56       |
----------------------------------------
Eval num_timesteps=620000, episode_reward=910.19 +/- 0.50
Episode length: 4000.00 +/- 0.00
----------------------------------------
| eval/                   |            |
|    mean_ep_length       | 4e+03      |
|    mean_reward          | 910        |
| time/                   |            |
|    total_timesteps      | 620000     |
| train/                  |            |
|    approx_kl            | 0.02587562 |
|    clip_fraction        | 0.263      |
|    clip_range           | 0.2        |
|    entropy_loss         | -0.985     |
|    explained_variance   | 0.0127     |
|    learning_rate        | 0.0003     |
|    loss                 | 0.0314     |
|    n_updates            | 300        |
|    policy_gradient_loss | -0.00216   |
|    value_loss           | 11.1       |
----------------------------------------
---------------------------------
| rollout/           |          |
|    ep_len_mean     | 3.81e+03 |
|    ep_rew_mean     | 907      |
| time/              |          |
|    fps             | 36       |
|    iterations      | 76       |
|    time_elapsed    | 16961    |
|    total_timesteps | 622592   |
---------------------------------
-----------------------------------------
| rollout/                |             |
|    ep_len_mean          | 3.79e+03    |
|    ep_rew_mean          | 894         |
| time/                   |             |
|    fps                  | 37          |
|    iterations           | 77          |
|    time_elapsed         | 16979       |
|    total_timesteps      | 630784      |
| train/                  |             |
|    approx_kl            | 0.058433633 |
|    clip_fraction        | 0.301       |
|    clip_range           | 0.2         |
|    entropy_loss         | -0.937      |
|    explained_variance   | 0.0213      |
|    learning_rate        | 0.0003      |
|    loss                 | 0.041       |
|    n_updates            | 304         |
|    policy_gradient_loss | 0.000158    |
|    value_loss           | 8.8         |
-----------------------------------------
-----------------------------------------
| rollout/                |             |
|    ep_len_mean          | 3.77e+03    |
|    ep_rew_mean          | 891         |
| time/                   |             |
|    fps                  | 37          |
|    iterations           | 78          |
|    time_elapsed         | 16998       |
|    total_timesteps      | 638976      |
| train/                  |             |
|    approx_kl            | 0.015803445 |
|    clip_fraction        | 0.193       |
|    clip_range           | 0.2         |
|    entropy_loss         | -0.94       |
|    explained_variance   | 0.0296      |
|    learning_rate        | 0.0003      |
|    loss                 | 3.53        |
|    n_updates            | 308         |
|    policy_gradient_loss | -0.00555    |
|    value_loss           | 15.1        |
-----------------------------------------
Eval num_timesteps=640000, episode_reward=910.25 +/- 0.34
Episode length: 4000.00 +/- 0.00
-----------------------------------------
| eval/                   |             |
|    mean_ep_length       | 4e+03       |
|    mean_reward          | 910         |
| time/                   |             |
|    total_timesteps      | 640000      |
| train/                  |             |
|    approx_kl            | 0.027981162 |
|    clip_fraction        | 0.199       |
|    clip_range           | 0.2         |
|    entropy_loss         | -0.907      |
|    explained_variance   | 0.0886      |
|    learning_rate        | 0.0003      |
|    loss                 | 0.192       |
|    n_updates            | 312         |
|    policy_gradient_loss | -0.0103     |
|    value_loss           | 5.43        |
-----------------------------------------
---------------------------------
| rollout/           |          |
|    ep_len_mean     | 3.76e+03 |
|    ep_rew_mean     | 888      |
| time/              |          |
|    fps             | 36       |
|    iterations      | 79       |
|    time_elapsed    | 17507    |
|    total_timesteps | 647168   |
---------------------------------
----------------------------------------
| rollout/                |            |
|    ep_len_mean          | 3.76e+03   |
|    ep_rew_mean          | 889        |
| time/                   |            |
|    fps                  | 36         |
|    iterations           | 80         |
|    time_elapsed         | 17935      |
|    total_timesteps      | 655360     |
| train/                  |            |
|    approx_kl            | 0.02341397 |
|    clip_fraction        | 0.258      |
|    clip_range           | 0.2        |
|    entropy_loss         | -0.923     |
|    explained_variance   | 0.0223     |
|    learning_rate        | 0.0003     |
|    loss                 | 0.0186     |
|    n_updates            | 316        |
|    policy_gradient_loss | -0.00564   |
|    value_loss           | 11.4       |
----------------------------------------
Eval num_timesteps=660000, episode_reward=910.25 +/- 0.30
Episode length: 4000.00 +/- 0.00
-----------------------------------------
| eval/                   |             |
|    mean_ep_length       | 4e+03       |
|    mean_reward          | 910         |
| time/                   |             |
|    total_timesteps      | 660000      |
| train/                  |             |
|    approx_kl            | 0.018746082 |
|    clip_fraction        | 0.227       |
|    clip_range           | 0.2         |
|    entropy_loss         | -0.928      |
|    explained_variance   | 0.00133     |
|    learning_rate        | 0.0003      |
|    loss                 | -0.00919    |
|    n_updates            | 320         |
|    policy_gradient_loss | -0.0085     |
|    value_loss           | 3.84        |
-----------------------------------------
---------------------------------
| rollout/           |          |
|    ep_len_mean     | 3.76e+03 |
|    ep_rew_mean     | 885      |
| time/              |          |
|    fps             | 36       |
|    iterations      | 81       |
|    time_elapsed    | 17974    |
|    total_timesteps | 663552   |
---------------------------------
-----------------------------------------
| rollout/                |             |
|    ep_len_mean          | 3.76e+03    |
|    ep_rew_mean          | 886         |
| time/                   |             |
|    fps                  | 37          |
|    iterations           | 82          |
|    time_elapsed         | 18035       |
|    total_timesteps      | 671744      |
| train/                  |             |
|    approx_kl            | 0.025077477 |
|    clip_fraction        | 0.284       |
|    clip_range           | 0.2         |
|    entropy_loss         | -0.972      |
|    explained_variance   | 0.0124      |
|    learning_rate        | 0.0003      |
|    loss                 | -0.0332     |
|    n_updates            | 324         |
|    policy_gradient_loss | -0.0116     |
|    value_loss           | 11.1        |
-----------------------------------------
-----------------------------------------
| rollout/                |             |
|    ep_len_mean          | 3.76e+03    |
|    ep_rew_mean          | 888         |
| time/                   |             |
|    fps                  | 37          |
|    iterations           | 83          |
|    time_elapsed         | 18053       |
|    total_timesteps      | 679936      |
| train/                  |             |
|    approx_kl            | 0.052705877 |
|    clip_fraction        | 0.33        |
|    clip_range           | 0.2         |
|    entropy_loss         | -0.965      |
|    explained_variance   | 0.0204      |
|    learning_rate        | 0.0003      |
|    loss                 | 0.0842      |
|    n_updates            | 328         |
|    policy_gradient_loss | -0.00855    |
|    value_loss           | 3.75        |
-----------------------------------------
Eval num_timesteps=680000, episode_reward=910.22 +/- 0.26
Episode length: 4000.00 +/- 0.00
-----------------------------------------
| eval/                   |             |
|    mean_ep_length       | 4e+03       |
|    mean_reward          | 910         |
| time/                   |             |
|    total_timesteps      | 680000      |
| train/                  |             |
|    approx_kl            | 0.015440276 |
|    clip_fraction        | 0.277       |
|    clip_range           | 0.2         |
|    entropy_loss         | -1.01       |
|    explained_variance   | 0.0106      |
|    learning_rate        | 0.0003      |
|    loss                 | 0.758       |
|    n_updates            | 332         |
|    policy_gradient_loss | -0.0147     |
|    value_loss           | 11.1        |
-----------------------------------------
---------------------------------
| rollout/           |          |
|    ep_len_mean     | 3.76e+03 |
|    ep_rew_mean     | 894      |
| time/              |          |
|    fps             | 36       |
|    iterations      | 84       |
|    time_elapsed    | 18993    |
|    total_timesteps | 688128   |
---------------------------------
-----------------------------------------
| rollout/                |             |
|    ep_len_mean          | 3.75e+03    |
|    ep_rew_mean          | 895         |
| time/                   |             |
|    fps                  | 34          |
|    iterations           | 85          |
|    time_elapsed         | 19913       |
|    total_timesteps      | 696320      |
| train/                  |             |
|    approx_kl            | 0.014397229 |
|    clip_fraction        | 0.165       |
|    clip_range           | 0.2         |
|    entropy_loss         | -0.949      |
|    explained_variance   | 0.0023      |
|    learning_rate        | 0.0003      |
|    loss                 | 1.06        |
|    n_updates            | 336         |
|    policy_gradient_loss | -0.00343    |
|    value_loss           | 12.6        |
-----------------------------------------
Eval num_timesteps=700000, episode_reward=910.27 +/- 0.38
Episode length: 4000.00 +/- 0.00
-----------------------------------------
| eval/                   |             |
|    mean_ep_length       | 4e+03       |
|    mean_reward          | 910         |
| time/                   |             |
|    total_timesteps      | 700000      |
| train/                  |             |
|    approx_kl            | 0.029310435 |
|    clip_fraction        | 0.25        |
|    clip_range           | 0.2         |
|    entropy_loss         | -0.94       |
|    explained_variance   | 0.0143      |
|    learning_rate        | 0.0003      |
|    loss                 | 0.0904      |
|    n_updates            | 340         |
|    policy_gradient_loss | -0.00514    |
|    value_loss           | 5.8         |
-----------------------------------------
---------------------------------
| rollout/           |          |
|    ep_len_mean     | 3.75e+03 |
|    ep_rew_mean     | 894      |
| time/              |          |
|    fps             | 35       |
|    iterations      | 86       |
|    time_elapsed    | 19953    |
|    total_timesteps | 704512   |
---------------------------------
-----------------------------------------
| rollout/                |             |
|    ep_len_mean          | 3.73e+03    |
|    ep_rew_mean          | 893         |
| time/                   |             |
|    fps                  | 35          |
|    iterations           | 87          |
|    time_elapsed         | 20006       |
|    total_timesteps      | 712704      |
| train/                  |             |
|    approx_kl            | 0.028483666 |
|    clip_fraction        | 0.273       |
|    clip_range           | 0.2         |
|    entropy_loss         | -0.91       |
|    explained_variance   | 0.00344     |
|    learning_rate        | 0.0003      |
|    loss                 | -0.00164    |
|    n_updates            | 344         |
|    policy_gradient_loss | -0.00858    |
|    value_loss           | 11.5        |
-----------------------------------------
Eval num_timesteps=720000, episode_reward=910.22 +/- 0.34
Episode length: 4000.00 +/- 0.00
----------------------------------------
| eval/                   |            |
|    mean_ep_length       | 4e+03      |
|    mean_reward          | 910        |
| time/                   |            |
|    total_timesteps      | 720000     |
| train/                  |            |
|    approx_kl            | 0.02703109 |
|    clip_fraction        | 0.237      |
|    clip_range           | 0.2        |
|    entropy_loss         | -0.943     |
|    explained_variance   | 0.028      |
|    learning_rate        | 0.0003     |
|    loss                 | 0.0646     |
|    n_updates            | 348        |
|    policy_gradient_loss | -0.00817   |
|    value_loss           | 8.1        |
----------------------------------------
---------------------------------
| rollout/           |          |
|    ep_len_mean     | 3.75e+03 |
|    ep_rew_mean     | 897      |
| time/              |          |
|    fps             | 34       |
|    iterations      | 88       |
|    time_elapsed    | 20946    |
|    total_timesteps | 720896   |
---------------------------------
-----------------------------------------
| rollout/                |             |
|    ep_len_mean          | 3.74e+03    |
|    ep_rew_mean          | 898         |
| time/                   |             |
|    fps                  | 34          |
|    iterations           | 89          |
|    time_elapsed         | 20964       |
|    total_timesteps      | 729088      |
| train/                  |             |
|    approx_kl            | 0.029324401 |
|    clip_fraction        | 0.274       |
|    clip_range           | 0.2         |
|    entropy_loss         | -0.926      |
|    explained_variance   | -0.00209    |
|    learning_rate        | 0.0003      |
|    loss                 | 42          |
|    n_updates            | 352         |
|    policy_gradient_loss | -0.0107     |
|    value_loss           | 8.17        |
-----------------------------------------
-----------------------------------------
| rollout/                |             |
|    ep_len_mean          | 3.74e+03    |
|    ep_rew_mean          | 897         |
| time/                   |             |
|    fps                  | 35          |
|    iterations           | 90          |
|    time_elapsed         | 20982       |
|    total_timesteps      | 737280      |
| train/                  |             |
|    approx_kl            | 0.023562374 |
|    clip_fraction        | 0.226       |
|    clip_range           | 0.2         |
|    entropy_loss         | -0.94       |
|    explained_variance   | 0.000804    |
|    learning_rate        | 0.0003      |
|    loss                 | 0.035       |
|    n_updates            | 356         |
|    policy_gradient_loss | -0.00903    |
|    value_loss           | 8.04        |
-----------------------------------------
Eval num_timesteps=740000, episode_reward=910.22 +/- 0.30
Episode length: 4000.00 +/- 0.00
-----------------------------------------
| eval/                   |             |
|    mean_ep_length       | 4e+03       |
|    mean_reward          | 910         |
| time/                   |             |
|    total_timesteps      | 740000      |
| train/                  |             |
|    approx_kl            | 0.014517507 |
|    clip_fraction        | 0.159       |
|    clip_range           | 0.2         |
|    entropy_loss         | -0.884      |
|    explained_variance   | 0.0128      |
|    learning_rate        | 0.0003      |
|    loss                 | -0.000958   |
|    n_updates            | 360         |
|    policy_gradient_loss | -0.0137     |
|    value_loss           | 8.59        |
-----------------------------------------
---------------------------------
| rollout/           |          |
|    ep_len_mean     | 3.74e+03 |
|    ep_rew_mean     | 900      |
| time/              |          |
|    fps             | 34       |
|    iterations      | 91       |
|    time_elapsed    | 21888    |
|    total_timesteps | 745472   |
---------------------------------
---------------------------------------
| rollout/                |           |
|    ep_len_mean          | 3.74e+03  |
|    ep_rew_mean          | 902       |
| time/                   |           |
|    fps                  | 34        |
|    iterations           | 92        |
|    time_elapsed         | 21906     |
|    total_timesteps      | 753664    |
| train/                  |           |
|    approx_kl            | 0.0477622 |
|    clip_fraction        | 0.256     |
|    clip_range           | 0.2       |
|    entropy_loss         | -0.883    |
|    explained_variance   | 0.0239    |
|    learning_rate        | 0.0003    |
|    loss                 | 0.004     |
|    n_updates            | 364       |
|    policy_gradient_loss | -0.0067   |
|    value_loss           | 8.05      |
---------------------------------------
Eval num_timesteps=760000, episode_reward=910.32 +/- 0.30
Episode length: 4000.00 +/- 0.00
-----------------------------------------
| eval/                   |             |
|    mean_ep_length       | 4e+03       |
|    mean_reward          | 910         |
| time/                   |             |
|    total_timesteps      | 760000      |
| train/                  |             |
|    approx_kl            | 0.013398474 |
|    clip_fraction        | 0.169       |
|    clip_range           | 0.2         |
|    entropy_loss         | -0.918      |
|    explained_variance   | 0.0577      |
|    learning_rate        | 0.0003      |
|    loss                 | 0.0598      |
|    n_updates            | 368         |
|    policy_gradient_loss | -0.007      |
|    value_loss           | 8.78        |
-----------------------------------------
---------------------------------
| rollout/           |          |
|    ep_len_mean     | 3.74e+03 |
|    ep_rew_mean     | 904      |
| time/              |          |
|    fps             | 34       |
|    iterations      | 93       |
|    time_elapsed    | 21997    |
|    total_timesteps | 761856   |
---------------------------------
-----------------------------------------
| rollout/                |             |
|    ep_len_mean          | 3.74e+03    |
|    ep_rew_mean          | 907         |
| time/                   |             |
|    fps                  | 34          |
|    iterations           | 94          |
|    time_elapsed         | 22015       |
|    total_timesteps      | 770048      |
| train/                  |             |
|    approx_kl            | 0.028959077 |
|    clip_fraction        | 0.232       |
|    clip_range           | 0.2         |
|    entropy_loss         | -0.904      |
|    explained_variance   | -0.0244     |
|    learning_rate        | 0.0003      |
|    loss                 | 0.15        |
|    n_updates            | 372         |
|    policy_gradient_loss | -0.013      |
|    value_loss           | 9.16        |
-----------------------------------------
-----------------------------------------
| rollout/                |             |
|    ep_len_mean          | 3.78e+03    |
|    ep_rew_mean          | 919         |
| time/                   |             |
|    fps                  | 33          |
|    iterations           | 95          |
|    time_elapsed         | 22934       |
|    total_timesteps      | 778240      |
| train/                  |             |
|    approx_kl            | 0.014570072 |
|    clip_fraction        | 0.13        |
|    clip_range           | 0.2         |
|    entropy_loss         | -0.899      |
|    explained_variance   | -0.0138     |
|    learning_rate        | 0.0003      |
|    loss                 | 0.383       |
|    n_updates            | 376         |
|    policy_gradient_loss | -0.0104     |
|    value_loss           | 8.75        |
-----------------------------------------
Eval num_timesteps=780000, episode_reward=910.38 +/- 0.40
Episode length: 4000.00 +/- 0.00
-----------------------------------------
| eval/                   |             |
|    mean_ep_length       | 4e+03       |
|    mean_reward          | 910         |
| time/                   |             |
|    total_timesteps      | 780000      |
| train/                  |             |
|    approx_kl            | 0.034199055 |
|    clip_fraction        | 0.184       |
|    clip_range           | 0.2         |
|    entropy_loss         | -0.81       |
|    explained_variance   | 0.000438    |
|    learning_rate        | 0.0003      |
|    loss                 | 64.6        |
|    n_updates            | 380         |
|    policy_gradient_loss | -0.000996   |
|    value_loss           | 12.3        |
-----------------------------------------
---------------------------------
| rollout/           |          |
|    ep_len_mean     | 3.76e+03 |
|    ep_rew_mean     | 918      |
| time/              |          |
|    fps             | 34       |
|    iterations      | 96       |
|    time_elapsed    | 22974    |
|    total_timesteps | 786432   |
---------------------------------
----------------------------------------
| rollout/                |            |
|    ep_len_mean          | 3.76e+03   |
|    ep_rew_mean          | 920        |
| time/                   |            |
|    fps                  | 34         |
|    iterations           | 97         |
|    time_elapsed         | 22992      |
|    total_timesteps      | 794624     |
| train/                  |            |
|    approx_kl            | 0.02142141 |
|    clip_fraction        | 0.175      |
|    clip_range           | 0.2        |
|    entropy_loss         | -0.865     |
|    explained_variance   | 0.0217     |
|    learning_rate        | 0.0003     |
|    loss                 | 2.11       |
|    n_updates            | 384        |
|    policy_gradient_loss | -0.0111    |
|    value_loss           | 12.2       |
----------------------------------------
Eval num_timesteps=800000, episode_reward=910.38 +/- 0.37
Episode length: 4000.00 +/- 0.00
-----------------------------------------
| eval/                   |             |
|    mean_ep_length       | 4e+03       |
|    mean_reward          | 910         |
| time/                   |             |
|    total_timesteps      | 800000      |
| train/                  |             |
|    approx_kl            | 0.030225515 |
|    clip_fraction        | 0.239       |
|    clip_range           | 0.2         |
|    entropy_loss         | -0.831      |
|    explained_variance   | 0.00825     |
|    learning_rate        | 0.0003      |
|    loss                 | -0.0119     |
|    n_updates            | 388         |
|    policy_gradient_loss | -0.00667    |
|    value_loss           | 4.99        |
-----------------------------------------
---------------------------------
| rollout/           |          |
|    ep_len_mean     | 3.75e+03 |
|    ep_rew_mean     | 922      |
| time/              |          |
|    fps             | 34       |
|    iterations      | 98       |
|    time_elapsed    | 23031    |
|    total_timesteps | 802816   |
---------------------------------
----------------------------------------
| rollout/                |            |
|    ep_len_mean          | 3.74e+03   |
|    ep_rew_mean          | 921        |
| time/                   |            |
|    fps                  | 35         |
|    iterations           | 99         |
|    time_elapsed         | 23050      |
|    total_timesteps      | 811008     |
| train/                  |            |
|    approx_kl            | 0.06565471 |
|    clip_fraction        | 0.351      |
|    clip_range           | 0.2        |
|    entropy_loss         | -0.872     |
|    explained_variance   | 0.000289   |
|    learning_rate        | 0.0003     |
|    loss                 | 0.0626     |
|    n_updates            | 392        |
|    policy_gradient_loss | -0.00325   |
|    value_loss           | 11.2       |
----------------------------------------
-----------------------------------------
| rollout/                |             |
|    ep_len_mean          | 3.71e+03    |
|    ep_rew_mean          | 919         |
| time/                   |             |
|    fps                  | 35          |
|    iterations           | 100         |
|    time_elapsed         | 23067       |
|    total_timesteps      | 819200      |
| train/                  |             |
|    approx_kl            | 0.029255683 |
|    clip_fraction        | 0.253       |
|    clip_range           | 0.2         |
|    entropy_loss         | -0.85       |
|    explained_variance   | 0.0261      |
|    learning_rate        | 0.0003      |
|    loss                 | -0.000376   |
|    n_updates            | 396         |
|    policy_gradient_loss | -0.0091     |
|    value_loss           | 8.46        |
-----------------------------------------
Eval num_timesteps=820000, episode_reward=910.56 +/- 0.70
Episode length: 4000.00 +/- 0.00
-----------------------------------------
| eval/                   |             |
|    mean_ep_length       | 4e+03       |
|    mean_reward          | 911         |
| time/                   |             |
|    total_timesteps      | 820000      |
| train/                  |             |
|    approx_kl            | 0.012382358 |
|    clip_fraction        | 0.136       |
|    clip_range           | 0.2         |
|    entropy_loss         | -0.853      |
|    explained_variance   | 0.0976      |
|    learning_rate        | 0.0003      |
|    loss                 | 0.0703      |
|    n_updates            | 400         |
|    policy_gradient_loss | -0.00746    |
|    value_loss           | 12.1        |
-----------------------------------------
---------------------------------
| rollout/           |          |
|    ep_len_mean     | 3.66e+03 |
|    ep_rew_mean     | 918      |
| time/              |          |
|    fps             | 34       |
|    iterations      | 101      |
|    time_elapsed    | 24008    |
|    total_timesteps | 827392   |
---------------------------------
-----------------------------------------
| rollout/                |             |
|    ep_len_mean          | 3.6e+03     |
|    ep_rew_mean          | 906         |
| time/                   |             |
|    fps                  | 34          |
|    iterations           | 102         |
|    time_elapsed         | 24027       |
|    total_timesteps      | 835584      |
| train/                  |             |
|    approx_kl            | 0.012857659 |
|    clip_fraction        | 0.146       |
|    clip_range           | 0.2         |
|    entropy_loss         | -0.864      |
|    explained_variance   | 0.0606      |
|    learning_rate        | 0.0003      |
|    loss                 | 1.96        |
|    n_updates            | 404         |
|    policy_gradient_loss | -0.00888    |
|    value_loss           | 16.3        |
-----------------------------------------
Eval num_timesteps=840000, episode_reward=910.43 +/- 0.31
Episode length: 4000.00 +/- 0.00
----------------------------------------
| eval/                   |            |
|    mean_ep_length       | 4e+03      |
|    mean_reward          | 910        |
| time/                   |            |
|    total_timesteps      | 840000     |
| train/                  |            |
|    approx_kl            | 0.02482857 |
|    clip_fraction        | 0.201      |
|    clip_range           | 0.2        |
|    entropy_loss         | -0.876     |
|    explained_variance   | 0.00234    |
|    learning_rate        | 0.0003     |
|    loss                 | 0.101      |
|    n_updates            | 408        |
|    policy_gradient_loss | -0.00418   |
|    value_loss           | 12.3       |
----------------------------------------
---------------------------------
| rollout/           |          |
|    ep_len_mean     | 3.59e+03 |
|    ep_rew_mean     | 908      |
| time/              |          |
|    fps             | 33       |
|    iterations      | 103      |
|    time_elapsed    | 24968    |
|    total_timesteps | 843776   |
---------------------------------
----------------------------------------
| rollout/                |            |
|    ep_len_mean          | 3.57e+03   |
|    ep_rew_mean          | 906        |
| time/                   |            |
|    fps                  | 34         |
|    iterations           | 104        |
|    time_elapsed         | 24986      |
|    total_timesteps      | 851968     |
| train/                  |            |
|    approx_kl            | 0.03098077 |
|    clip_fraction        | 0.224      |
|    clip_range           | 0.2        |
|    entropy_loss         | -0.751     |
|    explained_variance   | 0.0421     |
|    learning_rate        | 0.0003     |
|    loss                 | 0.033      |
|    n_updates            | 412        |
|    policy_gradient_loss | -0.00268   |
|    value_loss           | 8.21       |
----------------------------------------
Eval num_timesteps=860000, episode_reward=910.92 +/- 1.31
Episode length: 4000.00 +/- 0.00
----------------------------------------
| eval/                   |            |
|    mean_ep_length       | 4e+03      |
|    mean_reward          | 911        |
| time/                   |            |
|    total_timesteps      | 860000     |
| train/                  |            |
|    approx_kl            | 0.03972438 |
|    clip_fraction        | 0.278      |
|    clip_range           | 0.2        |
|    entropy_loss         | -0.889     |
|    explained_variance   | 0.0369     |
|    learning_rate        | 0.0003     |
|    loss                 | 0.0472     |
|    n_updates            | 416        |
|    policy_gradient_loss | -0.00288   |
|    value_loss           | 11.9       |
----------------------------------------
---------------------------------
| rollout/           |          |
|    ep_len_mean     | 3.54e+03 |
|    ep_rew_mean     | 900      |
| time/              |          |
|    fps             | 34       |
|    iterations      | 105      |
|    time_elapsed    | 25055    |
|    total_timesteps | 860160   |
---------------------------------
-----------------------------------------
| rollout/                |             |
|    ep_len_mean          | 3.51e+03    |
|    ep_rew_mean          | 896         |
| time/                   |             |
|    fps                  | 33          |
|    iterations           | 106         |
|    time_elapsed         | 25973       |
|    total_timesteps      | 868352      |
| train/                  |             |
|    approx_kl            | 0.017277703 |
|    clip_fraction        | 0.158       |
|    clip_range           | 0.2         |
|    entropy_loss         | -0.851      |
|    explained_variance   | 0.0266      |
|    learning_rate        | 0.0003      |
|    loss                 | 2.06        |
|    n_updates            | 420         |
|    policy_gradient_loss | -0.0082     |
|    value_loss           | 8.8         |
-----------------------------------------
-----------------------------------------
| rollout/                |             |
|    ep_len_mean          | 3.51e+03    |
|    ep_rew_mean          | 896         |
| time/                   |             |
|    fps                  | 33          |
|    iterations           | 107         |
|    time_elapsed         | 25993       |
|    total_timesteps      | 876544      |
| train/                  |             |
|    approx_kl            | 0.052527294 |
|    clip_fraction        | 0.349       |
|    clip_range           | 0.2         |
|    entropy_loss         | -0.85       |
|    explained_variance   | 0.0429      |
|    learning_rate        | 0.0003      |
|    loss                 | 0.0118      |
|    n_updates            | 424         |
|    policy_gradient_loss | 0.000401    |
|    value_loss           | 15.3        |
-----------------------------------------
Eval num_timesteps=880000, episode_reward=910.58 +/- 0.80
Episode length: 4000.00 +/- 0.00
----------------------------------------
| eval/                   |            |
|    mean_ep_length       | 4e+03      |
|    mean_reward          | 911        |
| time/                   |            |
|    total_timesteps      | 880000     |
| train/                  |            |
|    approx_kl            | 0.06321886 |
|    clip_fraction        | 0.384      |
|    clip_range           | 0.2        |
|    entropy_loss         | -0.85      |
|    explained_variance   | 0.017      |
|    learning_rate        | 0.0003     |
|    loss                 | 0.0584     |
|    n_updates            | 428        |
|    policy_gradient_loss | -0.00308   |
|    value_loss           | 4.98       |
----------------------------------------
---------------------------------
| rollout/           |          |
|    ep_len_mean     | 3.47e+03 |
|    ep_rew_mean     | 892      |
| time/              |          |
|    fps             | 32       |
|    iterations      | 108      |
|    time_elapsed    | 26932    |
|    total_timesteps | 884736   |
---------------------------------
----------------------------------------
| rollout/                |            |
|    ep_len_mean          | 3.45e+03   |
|    ep_rew_mean          | 888        |
| time/                   |            |
|    fps                  | 33         |
|    iterations           | 109        |
|    time_elapsed         | 26950      |
|    total_timesteps      | 892928     |
| train/                  |            |
|    approx_kl            | 0.02026226 |
|    clip_fraction        | 0.185      |
|    clip_range           | 0.2        |
|    entropy_loss         | -0.873     |
|    explained_variance   | 0.047      |
|    learning_rate        | 0.0003     |
|    loss                 | 0.0254     |
|    n_updates            | 432        |
|    policy_gradient_loss | -0.00101   |
|    value_loss           | 15.4       |
----------------------------------------
Eval num_timesteps=900000, episode_reward=911.18 +/- 1.88
Episode length: 4000.00 +/- 0.00
-----------------------------------------
| eval/                   |             |
|    mean_ep_length       | 4e+03       |
|    mean_reward          | 911         |
| time/                   |             |
|    total_timesteps      | 900000      |
| train/                  |             |
|    approx_kl            | 0.020641204 |
|    clip_fraction        | 0.174       |
|    clip_range           | 0.2         |
|    entropy_loss         | -0.92       |
|    explained_variance   | 0.333       |
|    learning_rate        | 0.0003      |
|    loss                 | 1.89        |
|    n_updates            | 436         |
|    policy_gradient_loss | -0.00559    |
|    value_loss           | 4.62        |
-----------------------------------------
---------------------------------
| rollout/           |          |
|    ep_len_mean     | 3.45e+03 |
|    ep_rew_mean     | 894      |
| time/              |          |
|    fps             | 33       |
|    iterations      | 110      |
|    time_elapsed    | 27009    |
|    total_timesteps | 901120   |
---------------------------------
----------------------------------------
| rollout/                |            |
|    ep_len_mean          | 3.45e+03   |
|    ep_rew_mean          | 899        |
| time/                   |            |
|    fps                  | 33         |
|    iterations           | 111        |
|    time_elapsed         | 27027      |
|    total_timesteps      | 909312     |
| train/                  |            |
|    approx_kl            | 0.00824926 |
|    clip_fraction        | 0.0965     |
|    clip_range           | 0.2        |
|    entropy_loss         | -0.823     |
|    explained_variance   | 0.0963     |
|    learning_rate        | 0.0003     |
|    loss                 | 0.864      |
|    n_updates            | 440        |
|    policy_gradient_loss | -0.00954   |
|    value_loss           | 14.1       |
----------------------------------------
-----------------------------------------
| rollout/                |             |
|    ep_len_mean          | 3.48e+03    |
|    ep_rew_mean          | 906         |
| time/                   |             |
|    fps                  | 32          |
|    iterations           | 112         |
|    time_elapsed         | 27944       |
|    total_timesteps      | 917504      |
| train/                  |             |
|    approx_kl            | 0.025348186 |
|    clip_fraction        | 0.265       |
|    clip_range           | 0.2         |
|    entropy_loss         | -0.92       |
|    explained_variance   | 0.125       |
|    learning_rate        | 0.0003      |
|    loss                 | 2.27        |
|    n_updates            | 444         |
|    policy_gradient_loss | -0.00757    |
|    value_loss           | 5.25        |
-----------------------------------------
Eval num_timesteps=920000, episode_reward=910.38 +/- 0.47
Episode length: 4000.00 +/- 0.00
-----------------------------------------
| eval/                   |             |
|    mean_ep_length       | 4e+03       |
|    mean_reward          | 910         |
| time/                   |             |
|    total_timesteps      | 920000      |
| train/                  |             |
|    approx_kl            | 0.022301497 |
|    clip_fraction        | 0.194       |
|    clip_range           | 0.2         |
|    entropy_loss         | -0.871      |
|    explained_variance   | 0.0724      |
|    learning_rate        | 0.0003      |
|    loss                 | 1.97        |
|    n_updates            | 448         |
|    policy_gradient_loss | -0.0119     |
|    value_loss           | 12.8        |
-----------------------------------------
---------------------------------
| rollout/           |          |
|    ep_len_mean     | 3.46e+03 |
|    ep_rew_mean     | 905      |
| time/              |          |
|    fps             | 33       |
|    iterations      | 113      |
|    time_elapsed    | 27985    |
|    total_timesteps | 925696   |
---------------------------------
----------------------------------------
| rollout/                |            |
|    ep_len_mean          | 3.46e+03   |
|    ep_rew_mean          | 907        |
| time/                   |            |
|    fps                  | 32         |
|    iterations           | 114        |
|    time_elapsed         | 28903      |
|    total_timesteps      | 933888     |
| train/                  |            |
|    approx_kl            | 0.01186455 |
|    clip_fraction        | 0.134      |
|    clip_range           | 0.2        |
|    entropy_loss         | -0.946     |
|    explained_variance   | 0.131      |
|    learning_rate        | 0.0003     |
|    loss                 | 2.41       |
|    n_updates            | 452        |
|    policy_gradient_loss | -0.00603   |
|    value_loss           | 7.65       |
----------------------------------------
Eval num_timesteps=940000, episode_reward=910.43 +/- 0.51
Episode length: 4000.00 +/- 0.00
-----------------------------------------
| eval/                   |             |
|    mean_ep_length       | 4e+03       |
|    mean_reward          | 910         |
| time/                   |             |
|    total_timesteps      | 940000      |
| train/                  |             |
|    approx_kl            | 0.030418139 |
|    clip_fraction        | 0.253       |
|    clip_range           | 0.2         |
|    entropy_loss         | -0.882      |
|    explained_variance   | 0.083       |
|    learning_rate        | 0.0003      |
|    loss                 | 2.84        |
|    n_updates            | 456         |
|    policy_gradient_loss | -0.00169    |
|    value_loss           | 13.7        |
-----------------------------------------
---------------------------------
| rollout/           |          |
|    ep_len_mean     | 3.42e+03 |
|    ep_rew_mean     | 901      |
| time/              |          |
|    fps             | 32       |
|    iterations      | 115      |
|    time_elapsed    | 28978    |
|    total_timesteps | 942080   |
---------------------------------
-----------------------------------------
| rollout/                |             |
|    ep_len_mean          | 3.4e+03     |
|    ep_rew_mean          | 903         |
| time/                   |             |
|    fps                  | 32          |
|    iterations           | 116         |
|    time_elapsed         | 28997       |
|    total_timesteps      | 950272      |
| train/                  |             |
|    approx_kl            | 0.013860727 |
|    clip_fraction        | 0.0814      |
|    clip_range           | 0.2         |
|    entropy_loss         | -0.839      |
|    explained_variance   | 0.202       |
|    learning_rate        | 0.0003      |
|    loss                 | 0.706       |
|    n_updates            | 460         |
|    policy_gradient_loss | -0.00805    |
|    value_loss           | 10.5        |
-----------------------------------------
-----------------------------------------
| rollout/                |             |
|    ep_len_mean          | 3.4e+03     |
|    ep_rew_mean          | 907         |
| time/                   |             |
|    fps                  | 33          |
|    iterations           | 117         |
|    time_elapsed         | 29015       |
|    total_timesteps      | 958464      |
| train/                  |             |
|    approx_kl            | 0.017508483 |
|    clip_fraction        | 0.184       |
|    clip_range           | 0.2         |
|    entropy_loss         | -0.896      |
|    explained_variance   | 0.152       |
|    learning_rate        | 0.0003      |
|    loss                 | 0.838       |
|    n_updates            | 464         |
|    policy_gradient_loss | -0.00156    |
|    value_loss           | 8.67        |
-----------------------------------------
Eval num_timesteps=960000, episode_reward=910.38 +/- 0.44
Episode length: 4000.00 +/- 0.00
-----------------------------------------
| eval/                   |             |
|    mean_ep_length       | 4e+03       |
|    mean_reward          | 910         |
| time/                   |             |
|    total_timesteps      | 960000      |
| train/                  |             |
|    approx_kl            | 0.016667333 |
|    clip_fraction        | 0.187       |
|    clip_range           | 0.2         |
|    entropy_loss         | -0.862      |
|    explained_variance   | 0.0747      |
|    learning_rate        | 0.0003      |
|    loss                 | 0.341       |
|    n_updates            | 468         |
|    policy_gradient_loss | -0.00952    |
|    value_loss           | 12.4        |
-----------------------------------------
---------------------------------
| rollout/           |          |
|    ep_len_mean     | 3.41e+03 |
|    ep_rew_mean     | 910      |
| time/              |          |
|    fps             | 32       |
|    iterations      | 118      |
|    time_elapsed    | 29955    |
|    total_timesteps | 966656   |
---------------------------------
-----------------------------------------
| rollout/                |             |
|    ep_len_mean          | 3.36e+03    |
|    ep_rew_mean          | 905         |
| time/                   |             |
|    fps                  | 31          |
|    iterations           | 119         |
|    time_elapsed         | 30874       |
|    total_timesteps      | 974848      |
| train/                  |             |
|    approx_kl            | 0.013506232 |
|    clip_fraction        | 0.0983      |
|    clip_range           | 0.2         |
|    entropy_loss         | -0.901      |
|    explained_variance   | 0.0581      |
|    learning_rate        | 0.0003      |
|    loss                 | 0.533       |
|    n_updates            | 472         |
|    policy_gradient_loss | -0.00729    |
|    value_loss           | 11.6        |
-----------------------------------------
Eval num_timesteps=980000, episode_reward=910.98 +/- 1.61
Episode length: 4000.00 +/- 0.00
----------------------------------------
| eval/                   |            |
|    mean_ep_length       | 4e+03      |
|    mean_reward          | 911        |
| time/                   |            |
|    total_timesteps      | 980000     |
| train/                  |            |
|    approx_kl            | 0.01638176 |
|    clip_fraction        | 0.201      |
|    clip_range           | 0.2        |
|    entropy_loss         | -0.881     |
|    explained_variance   | 0.0264     |
|    learning_rate        | 0.0003     |
|    loss                 | 0.276      |
|    n_updates            | 476        |
|    policy_gradient_loss | -0.00342   |
|    value_loss           | 14.8       |
----------------------------------------
---------------------------------
| rollout/           |          |
|    ep_len_mean     | 3.31e+03 |
|    ep_rew_mean     | 895      |
| time/              |          |
|    fps             | 31       |
|    iterations      | 120      |
|    time_elapsed    | 30949    |
|    total_timesteps | 983040   |
---------------------------------
----------------------------------------
| rollout/                |            |
|    ep_len_mean          | 3.31e+03   |
|    ep_rew_mean          | 895        |
| time/                   |            |
|    fps                  | 32         |
|    iterations           | 121        |
|    time_elapsed         | 30967      |
|    total_timesteps      | 991232     |
| train/                  |            |
|    approx_kl            | 0.02967874 |
|    clip_fraction        | 0.155      |
|    clip_range           | 0.2        |
|    entropy_loss         | -0.837     |
|    explained_variance   | 0.132      |
|    learning_rate        | 0.0003     |
|    loss                 | 0.861      |
|    n_updates            | 480        |
|    policy_gradient_loss | -0.00324   |
|    value_loss           | 11.1       |
----------------------------------------
-----------------------------------------
| rollout/                |             |
|    ep_len_mean          | 3.31e+03    |
|    ep_rew_mean          | 901         |
| time/                   |             |
|    fps                  | 32          |
|    iterations           | 122         |
|    time_elapsed         | 30984       |
|    total_timesteps      | 999424      |
| train/                  |             |
|    approx_kl            | 0.033431314 |
|    clip_fraction        | 0.14        |
|    clip_range           | 0.2         |
|    entropy_loss         | -0.893      |
|    explained_variance   | 0.21        |
|    learning_rate        | 0.0003      |
|    loss                 | 71          |
|    n_updates            | 484         |
|    policy_gradient_loss | -0.00868    |
|    value_loss           | 5.46        |
-----------------------------------------
Eval num_timesteps=1000000, episode_reward=910.38 +/- 0.40
Episode length: 4000.00 +/- 0.00
-----------------------------------------
| eval/                   |             |
|    mean_ep_length       | 4e+03       |
|    mean_reward          | 910         |
| time/                   |             |
|    total_timesteps      | 1000000     |
| train/                  |             |
|    approx_kl            | 0.039910916 |
|    clip_fraction        | 0.28        |
|    clip_range           | 0.2         |
|    entropy_loss         | -0.845      |
|    explained_variance   | 0.119       |
|    learning_rate        | 0.0003      |
|    loss                 | 0.316       |
|    n_updates            | 488         |
|    policy_gradient_loss | -0.0025     |
|    value_loss           | 13          |
-----------------------------------------
---------------------------------
| rollout/           |          |
|    ep_len_mean     | 3.31e+03 |
|    ep_rew_mean     | 901      |
| time/              |          |
|    fps             | 31       |
|    iterations      | 123      |
|    time_elapsed    | 31925    |
|    total_timesteps | 1007616  |
---------------------------------
Training beendet. Bestes Modell: './best_models_rppo/best_model.zip'
